Record_ID,Client,Industry,Platform,Content_Type,Content_Topic,Posting_Day,Posting_Time,Ad_Spend,Impressions,Reach,Likes,Comments,Shares,Saves,Clicks,Leads,Revenue,Video_Views,Watch_Time_Sec,Performance_Score
REC0001,Client_G,Health & Fitness,Facebook,Image,Industry News,Friday,Evening (17:00-21:00),0.0,393,288,5,0,0,0,3,0,0.0,0,0.0,30.38
REC0002,Client_A,Fashion & Retail,Instagram,Carousel,Promotional/Discount,Monday,Morning (08:00-12:00),0.0,705,629,11,0,0,0,12,0,0.0,0,0.0,32.46
REC0003,Client_G,Health & Fitness,Instagram,Image,Promotional/Discount,Monday,Night (21:00-08:00),0.0,584,413,14,1,1,1,7,0,0.0,0,0.0,43.22
REC0004,Client_D,B2B Tech/SaaS,LinkedIn,Text,Behind the Scenes,Thursday,Afternoon (12:00-17:00),287.04,2610,2301,80,7,5,5,67,3,472.26,0,0.0,55.31
REC0005,Client_E,Food & Beverage,Instagram,Video,Promotional/Discount,Thursday,Morning (08:00-12:00),253.07,2941,1915,46,5,3,3,73,4,92.32,1537,16107.11,44.61
REC0006,Client_B,Fashion & Retail,Instagram,Carousel,Lifestyle/Aesthetic,Friday,Evening (17:00-21:00),0.0,844,629,44,5,3,1,6,0,0.0,0,0.0,59.1
REC0007,Client_J,Travel & Hospitality,Instagram,Image,Meme/Trending,Sunday,Morning (08:00-12:00),116.57,1567,1179,92,7,3,4,27,1,106.16,0,0.0,65.87
REC0008,Client_I,E-Learning & Education,Instagram,Carousel,Promotional/Discount,Thursday,Night (21:00-08:00),0.0,972,849,13,1,0,0,16,1,45.07,0,0.0,36.66
REC0009,Client_H,Real Estate,LinkedIn,Text,Product Education,Wednesday,Afternoon (12:00-17:00),439.47,4026,3324,74,11,7,3,97,6,1722.54,0,0.0,62.67
REC0010,Client_A,Fashion & Retail,Instagram,Video,Promotional/Discount,Saturday,Evening (17:00-21:00),368.33,3937,3040,168,13,12,13,107,8,350.48,1875,19879.42,72.21
REC0011,Client_A,Fashion & Retail,Instagram,Carousel,Industry News,Wednesday,Night (21:00-08:00),47.32,1306,962,42,6,2,3,18,0,0.0,0,0.0,51.65
REC0012,Client_B,Fashion & Retail,YouTube,Shorts,Customer Testimonial,Sunday,Night (21:00-08:00),614.02,6091,5476,419,44,36,15,136,10,481.2,3175,24936.76,83.44
REC0013,Client_A,Fashion & Retail,Instagram,Image,Promotional/Discount,Saturday,Night (21:00-08:00),0.0,618,508,26,2,2,1,8,0,0.0,0,0.0,51.57
REC0014,Client_G,Health & Fitness,Facebook,Video,Promotional/Discount,Wednesday,Evening (17:00-21:00),0.0,658,588,6,0,0,0,10,0,0.0,260,2337.48,25.75
REC0015,Client_D,B2B Tech/SaaS,Instagram,Reel,Product Education,Thursday,Night (21:00-08:00),0.0,1331,1113,22,1,1,1,12,0,0.0,516,3210.4,33.1
REC0016,Client_C,B2B Tech/SaaS,Instagram,Carousel,Meme/Trending,Saturday,Afternoon (12:00-17:00),0.0,618,440,25,2,2,0,5,0,0.0,0,0.0,57.58
REC0017,Client_J,Travel & Hospitality,YouTube,Shorts,Industry News,Thursday,Afternoon (12:00-17:00),158.29,2479,2160,40,5,3,3,41,1,109.64,1283,17095.79,40.35
REC0018,Client_A,Fashion & Retail,Instagram,Reel,Lifestyle/Aesthetic,Wednesday,Night (21:00-08:00),273.92,3789,2646,163,21,7,5,77,3,122.61,1628,13353.26,69.53
REC0019,Client_J,Travel & Hospitality,Instagram,Image,Industry News,Saturday,Evening (17:00-21:00),0.0,560,492,29,2,1,1,5,0,0.0,0,0.0,58.37
REC0020,Client_E,Food & Beverage,Instagram,Carousel,Promotional/Discount,Tuesday,Night (21:00-08:00),29.2,932,627,22,3,1,0,19,1,24.23,0,0.0,48.19
REC0021,Client_E,Food & Beverage,Instagram,Reel,Industry News,Thursday,Afternoon (12:00-17:00),12.31,1305,1024,31,3,3,2,12,0,0.0,633,6254.3,39.7
REC0022,Client_A,Fashion & Retail,Instagram,Carousel,Industry News,Thursday,Evening (17:00-21:00),0.0,619,444,17,1,0,1,4,0,0.0,0,0.0,45.13
REC0023,Client_J,Travel & Hospitality,Instagram,Reel,Product Education,Sunday,Night (21:00-08:00),0.0,1314,866,64,10,4,3,10,0,0.0,493,2958.1,60.04
REC0024,Client_H,Real Estate,YouTube,Video,Promotional/Discount,Monday,Evening (17:00-21:00),0.0,972,851,11,1,0,1,13,0,0.0,357,2438.94,29.3
REC0025,Client_D,B2B Tech/SaaS,LinkedIn,Text,Industry News,Friday,Evening (17:00-21:00),0.0,207,183,1,0,0,0,1,0,0.0,0,0.0,23.31
REC0026,Client_B,Fashion & Retail,YouTube,Shorts,Behind the Scenes,Thursday,Morning (08:00-12:00),23.18,1358,1161,31,2,1,3,13,0,0.0,732,10857.03,37.73
REC0027,Client_D,B2B Tech/SaaS,LinkedIn,Carousel,Customer Testimonial,Friday,Night (21:00-08:00),0.0,525,355,2,0,0,0,3,0,0.0,0,0.0,21.91
REC0028,Client_A,Fashion & Retail,LinkedIn,Image,Product Education,Sunday,Night (21:00-08:00),314.43,3036,2029,96,14,6,7,73,4,184.59,0,0.0,61.2
REC0029,Client_F,Fintech & Finance,LinkedIn,Carousel,Customer Testimonial,Thursday,Afternoon (12:00-17:00),0.0,445,358,14,1,1,0,3,0,0.0,0,0.0,44.48
REC0030,Client_F,Fintech & Finance,Instagram,Carousel,Industry News,Thursday,Morning (08:00-12:00),0.0,884,667,55,7,2,1,6,0,0.0,0,0.0,59.27
REC0031,Client_A,Fashion & Retail,Instagram,Reel,Product Education,Saturday,Evening (17:00-21:00),0.0,1175,885,68,4,6,6,11,0,0.0,591,8473.28,60.11
REC0032,Client_J,Travel & Hospitality,Instagram,Carousel,Product Education,Saturday,Morning (08:00-12:00),0.0,587,480,22,2,0,1,4,0,0.0,0,0.0,47.46
REC0033,Client_A,Fashion & Retail,Instagram,Carousel,Lifestyle/Aesthetic,Wednesday,Morning (08:00-12:00),0.0,413,349,10,1,0,0,3,0,0.0,0,0.0,37.28
REC0034,Client_C,B2B Tech/SaaS,Facebook,Video,Lifestyle/Aesthetic,Monday,Night (21:00-08:00),0.0,623,513,1,0,0,0,4,0,0.0,261,1438.0,21.1
REC0035,Client_C,B2B Tech/SaaS,LinkedIn,Text,Meme/Trending,Wednesday,Afternoon (12:00-17:00),0.0,308,231,11,1,1,0,2,0,0.0,0,0.0,47.61
REC0036,Client_J,Travel & Hospitality,Instagram,Image,Product Education,Friday,Morning (08:00-12:00),346.96,3508,2562,86,10,7,6,76,4,360.21,0,0.0,56.83
REC0037,Client_D,B2B Tech/SaaS,LinkedIn,Carousel,Industry News,Thursday,Evening (17:00-21:00),0.0,452,379,7,1,0,0,3,0,0.0,0,0.0,31.76
REC0038,Client_B,Fashion & Retail,Instagram,Carousel,Meme/Trending,Monday,Evening (17:00-21:00),13.04,741,542,32,5,2,2,7,0,0.0,0,0.0,58.66
REC0039,Client_F,Fintech & Finance,LinkedIn,Carousel,Product Education,Thursday,Evening (17:00-21:00),71.75,1083,770,20,1,2,0,17,1,119.71,0,0.0,45.02
REC0040,Client_H,Real Estate,YouTube,Video,Customer Testimonial,Sunday,Night (21:00-08:00),0.0,1200,781,7,0,0,0,10,0,0.0,621,3391.24,26.03
REC0041,Client_J,Travel & Hospitality,Instagram,Carousel,Product Education,Thursday,Morning (08:00-12:00),0.0,918,616,17,2,1,1,6,0,0.0,0,0.0,37.98
REC0042,Client_J,Travel & Hospitality,YouTube,Video,Behind the Scenes,Thursday,Morning (08:00-12:00),10.41,1124,900,19,1,1,1,9,0,0.0,439,3314.78,33.97
REC0043,Client_A,Fashion & Retail,Facebook,Video,Industry News,Wednesday,Morning (08:00-12:00),0.0,655,456,3,0,0,0,5,0,0.0,322,4442.32,24.7
REC0044,Client_F,Fintech & Finance,LinkedIn,Text,Product Education,Monday,Morning (08:00-12:00),0.0,321,281,3,0,0,0,2,0,0.0,0,0.0,26.54
REC0045,Client_A,Fashion & Retail,Instagram,Reel,Promotional/Discount,Friday,Afternoon (12:00-17:00),0.0,1409,966,37,5,2,3,17,1,43.91,621,6363.69,53.29
REC0046,Client_H,Real Estate,Instagram,Carousel,Promotional/Discount,Friday,Afternoon (12:00-17:00),146.86,2267,1813,49,7,2,2,54,3,920.69,0,0.0,66.83
REC0047,Client_J,Travel & Hospitality,LinkedIn,Text,Product Education,Monday,Evening (17:00-21:00),0.0,235,206,5,0,0,0,1,0,0.0,0,0.0,32.88
REC0048,Client_H,Real Estate,Facebook,Reel,Product Education,Saturday,Morning (08:00-12:00),0.0,1165,873,12,1,1,0,8,0,0.0,622,4451.13,30.64
REC0049,Client_B,Fashion & Retail,Instagram,Reel,Customer Testimonial,Wednesday,Night (21:00-08:00),0.0,1301,899,33,3,3,1,9,0,0.0,709,6032.08,47.17
REC0050,Client_D,B2B Tech/SaaS,LinkedIn,Image,Industry News,Monday,Evening (17:00-21:00),0.0,350,245,2,0,0,0,2,0,0.0,0,0.0,23.84
REC0051,Client_C,B2B Tech/SaaS,LinkedIn,Text,Promotional/Discount,Monday,Afternoon (12:00-17:00),0.0,262,192,2,0,0,0,3,0,0.0,0,0.0,25.16
REC0052,Client_B,Fashion & Retail,Facebook,Video,Product Education,Sunday,Evening (17:00-21:00),177.16,2049,1666,45,3,2,3,44,3,132.22,990,5405.21,48.11
REC0053,Client_G,Health & Fitness,YouTube,Video,Meme/Trending,Monday,Evening (17:00-21:00),0.0,1308,1147,77,7,6,4,8,0,0.0,660,4853.04,60.87
REC0054,Client_E,Food & Beverage,Instagram,Reel,Lifestyle/Aesthetic,Thursday,Night (21:00-08:00),135.13,2344,1630,108,12,9,8,38,1,25.73,1018,4669.89,64.13
REC0055,Client_B,Fashion & Retail,Instagram,Image,Behind the Scenes,Friday,Afternoon (12:00-17:00),0.0,644,523,23,1,0,0,5,0,0.0,0,0.0,45.69
REC0056,Client_I,E-Learning & Education,LinkedIn,Text,Product Education,Tuesday,Morning (08:00-12:00),119.76,1280,1025,41,4,2,2,28,1,50.66,0,0.0,51.74
REC0057,Client_B,Fashion & Retail,Instagram,Video,Lifestyle/Aesthetic,Friday,Night (21:00-08:00),14.75,1123,744,58,6,3,4,9,0,0.0,504,5675.46,59.59
REC0058,Client_J,Travel & Hospitality,Instagram,Image,Behind the Scenes,Friday,Night (21:00-08:00),0.0,667,493,32,5,1,3,5,0,0.0,0,0.0,58.37
REC0059,Client_H,Real Estate,Facebook,Text,Product Education,Sunday,Morning (08:00-12:00),0.0,293,226,2,0,0,0,2,0,0.0,0,0.0,26.8
REC0060,Client_E,Food & Beverage,Instagram,Carousel,Meme/Trending,Friday,Evening (17:00-21:00),397.34,4315,3715,409,59,17,30,89,2,45.77,0,0.0,67.78
REC0061,Client_E,Food & Beverage,Instagram,Carousel,Meme/Trending,Thursday,Evening (17:00-21:00),126.31,1762,1421,128,14,6,3,34,0,0.0,0,0.0,61.51
REC0062,Client_B,Fashion & Retail,YouTube,Shorts,Meme/Trending,Saturday,Night (21:00-08:00),500.0,1500,1200,1,0,0,0,0,0,0.0,646,4240.37,5.2
REC0063,Client_B,Fashion & Retail,Instagram,Carousel,Product Education,Monday,Morning (08:00-12:00),0.0,508,416,8,1,0,0,3,0,0.0,0,0.0,31.79
REC0064,Client_B,Fashion & Retail,Instagram,Video,Customer Testimonial,Thursday,Morning (08:00-12:00),0.0,946,669,24,2,1,2,7,0,0.0,498,7038.25,44.86
REC0065,Client_J,Travel & Hospitality,LinkedIn,Image,Customer Testimonial,Tuesday,Afternoon (12:00-17:00),0.0,371,261,4,0,0,0,2,0,0.0,0,0.0,28.41
REC0066,Client_I,E-Learning & Education,Instagram,Reel,Behind the Scenes,Monday,Evening (17:00-21:00),0.0,1016,764,19,1,1,1,6,0,0.0,371,4902.57,36.73
REC0067,Client_C,B2B Tech/SaaS,Instagram,Reel,Meme/Trending,Tuesday,Evening (17:00-21:00),179.99,45000,40000,5200,450,1200,800,650,12,1800.0,35000,175000.0,94.8
REC0068,Client_F,Fintech & Finance,Instagram,Reel,Industry News,Tuesday,Morning (08:00-12:00),272.15,3433,2869,148,21,14,10,62,1,122.81,1875,19840.8,62.61
REC0069,Client_B,Fashion & Retail,Instagram,Carousel,Customer Testimonial,Saturday,Evening (17:00-21:00),0.0,855,628,48,7,2,4,7,0,0.0,0,0.0,59.09
REC0070,Client_A,Fashion & Retail,Facebook,Text,Lifestyle/Aesthetic,Monday,Afternoon (12:00-17:00),0.0,287,240,3,0,0,0,2,0,0.0,0,0.0,26.76
REC0071,Client_B,Fashion & Retail,YouTube,Video,Industry News,Monday,Evening (17:00-21:00),0.0,947,814,29,2,1,2,8,0,0.0,503,6684.03,42.36
REC0072,Client_D,B2B Tech/SaaS,LinkedIn,Image,Customer Testimonial,Wednesday,Morning (08:00-12:00),203.33,2029,1759,92,10,6,6,44,2,275.47,0,0.0,63.13
REC0073,Client_H,Real Estate,Facebook,Carousel,Promotional/Discount,Sunday,Evening (17:00-21:00),0.0,568,506,2,0,0,0,8,0,0.0,0,0.0,22.76
REC0074,Client_I,E-Learning & Education,Instagram,Reel,Industry News,Friday,Afternoon (12:00-17:00),0.0,1103,720,12,1,0,0,8,0,0.0,558,1939.29,31.91
REC0075,Client_F,Fintech & Finance,Facebook,Image,Promotional/Discount,Monday,Afternoon (12:00-17:00),113.64,1474,1164,11,1,0,0,37,1,109.89,0,0.0,33.01
REC0076,Client_F,Fintech & Finance,LinkedIn,Video,Behind the Scenes,Saturday,Afternoon (12:00-17:00),0.0,478,323,6,0,0,0,3,0,0.0,250,2892.26,30.06
REC0077,Client_D,B2B Tech/SaaS,LinkedIn,Carousel,Meme/Trending,Wednesday,Night (21:00-08:00),0.0,565,435,8,0,0,0,4,0,0.0,0,0.0,32.19
REC0078,Client_C,B2B Tech/SaaS,LinkedIn,Video,Promotional/Discount,Friday,Night (21:00-08:00),0.0,471,325,1,0,0,0,7,0,0.0,185,1483.85,20.46
REC0079,Client_A,Fashion & Retail,Facebook,Image,Industry News,Sunday,Afternoon (12:00-17:00),0.0,265,196,2,0,0,0,2,0,0.0,0,0.0,25.11
REC0080,Client_B,Fashion & Retail,Instagram,Reel,Meme/Trending,Tuesday,Evening (17:00-21:00),0.0,1518,1264,102,14,10,4,10,0,0.0,790,7036.79,61.16
REC0081,Client_F,Fintech & Finance,Facebook,Video,Meme/Trending,Monday,Night (21:00-08:00),0.0,560,499,2,0,0,0,3,0,0.0,222,861.8,22.37
REC0082,Client_J,Travel & Hospitality,Instagram,Reel,Product Education,Monday,Morning (08:00-12:00),154.01,2327,1610,41,5,3,2,44,3,305.12,1218,6662.58,52.13
REC0083,Client_D,B2B Tech/SaaS,LinkedIn,Image,Meme/Trending,Friday,Night (21:00-08:00),163.25,1698,1141,10,1,0,0,37,1,135.52,0,0.0,32.04
REC0084,Client_I,E-Learning & Education,Facebook,Carousel,Meme/Trending,Sunday,Evening (17:00-21:00),0.0,438,287,3,0,0,0,4,0,0.0,0,0.0,26.87
REC0085,Client_F,Fintech & Finance,Facebook,Image,Behind the Scenes,Monday,Evening (17:00-21:00),0.0,392,278,2,0,0,0,3,0,0.0,0,0.0,23.38
REC0086,Client_E,Food & Beverage,LinkedIn,Text,Lifestyle/Aesthetic,Thursday,Afternoon (12:00-17:00),0.0,330,279,6,0,0,0,2,0,0.0,0,0.0,31.05
REC0087,Client_B,Fashion & Retail,Facebook,Video,Industry News,Wednesday,Morning (08:00-12:00),127.95,1549,1276,8,0,0,0,30,0,0.0,749,7814.98,25.8
REC0088,Client_I,E-Learning & Education,LinkedIn,Carousel,Behind the Scenes,Saturday,Night (21:00-08:00),72.61,958,761,3,0,0,0,18,1,45.18,0,0.0,27.29
REC0089,Client_G,Health & Fitness,LinkedIn,Carousel,Industry News,Thursday,Evening (17:00-21:00),402.67,3815,2943,62,5,3,5,90,2,122.65,0,0.0,42.09
REC0090,Client_B,Fashion & Retail,Instagram,Video,Behind the Scenes,Monday,Afternoon (12:00-17:00),181.44,2459,2034,52,6,3,5,46,2,90.9,882,9347.27,45.81
REC0091,Client_G,Health & Fitness,Facebook,Video,Promotional/Discount,Monday,Afternoon (12:00-17:00),151.62,2012,1760,15,1,1,0,56,3,186.03,742,7780.84,37.09
REC0092,Client_A,Fashion & Retail,Instagram,Image,Product Education,Wednesday,Night (21:00-08:00),0.0,579,379,18,2,1,0,4,0,0.0,0,0.0,48.85
REC0093,Client_B,Fashion & Retail,Instagram,Carousel,Behind the Scenes,Wednesday,Afternoon (12:00-17:00),0.0,917,823,31,2,2,2,6,0,0.0,0,0.0,46.64
REC0094,Client_A,Fashion & Retail,Instagram,Carousel,Product Education,Wednesday,Afternoon (12:00-17:00),20.79,850,722,19,2,1,1,9,0,0.0,0,0.0,38.72
REC0095,Client_F,Fintech & Finance,Instagram,Carousel,Lifestyle/Aesthetic,Monday,Evening (17:00-21:00),0.0,681,538,16,1,1,0,5,0,0.0,0,0.0,36.68
REC0096,Client_A,Fashion & Retail,Instagram,Video,Customer Testimonial,Saturday,Morning (08:00-12:00),558.4,5524,4518,214,20,20,21,129,9,377.4,2003,8836.81,74.18
REC0097,Client_G,Health & Fitness,Instagram,Carousel,Industry News,Tuesday,Evening (17:00-21:00),116.92,1696,1501,68,5,5,4,30,1,60.01,0,0.0,52.99
REC0098,Client_A,Fashion & Retail,Instagram,Reel,Customer Testimonial,Saturday,Night (21:00-08:00),0.0,1048,736,71,6,2,2,7,0,0.0,562,5564.9,59.56
REC0099,Client_F,Fintech & Finance,LinkedIn,Text,Product Education,Saturday,Night (21:00-08:00),0.0,280,209,0,0,0,0,1,0,0.0,0,0.0,19.21
REC0100,Client_D,B2B Tech/SaaS,LinkedIn,Image,Lifestyle/Aesthetic,Friday,Evening (17:00-21:00),0.0,289,192,3,0,0,0,1,0,0.0,0,0.0,27.19
REC0101,Client_C,B2B Tech/SaaS,Instagram,Image,Promotional/Discount,Saturday,Afternoon (12:00-17:00),186.73,2188,1967,43,4,2,3,61,4,555.69,0,0.0,53.35
REC0102,Client_D,B2B Tech/SaaS,LinkedIn,Text,Customer Testimonial,Sunday,Evening (17:00-21:00),0.0,307,258,3,0,0,0,2,0,0.0,0,0.0,26.75
REC0103,Client_G,Health & Fitness,Facebook,Video,Behind the Scenes,Tuesday,Morning (08:00-12:00),0.0,492,387,4,0,0,0,3,0,0.0,219,1644.83,25.78
REC0104,Client_D,B2B Tech/SaaS,Facebook,Video,Behind the Scenes,Friday,Morning (08:00-12:00),0.0,527,433,8,0,0,0,4,0,0.0,253,3476.58,31.59
REC0105,Client_H,Real Estate,Instagram,Reel,Meme/Trending,Friday,Evening (17:00-21:00),676.91,6823,4499,171,20,14,5,145,5,1466.28,3018,44965.37,64.07
REC0106,Client_D,B2B Tech/SaaS,LinkedIn,Text,Promotional/Discount,Wednesday,Evening (17:00-21:00),0.0,343,228,3,0,0,0,5,0,0.0,0,0.0,28.93
REC0107,Client_B,Fashion & Retail,Instagram,Carousel,Promotional/Discount,Saturday,Morning (08:00-12:00),0.0,698,622,22,1,2,1,10,0,0.0,0,0.0,40.79
REC0108,Client_B,Fashion & Retail,Instagram,Carousel,Behind the Scenes,Sunday,Morning (08:00-12:00),94.87,1875,1660,65,5,3,6,29,0,0.0,0,0.0,49.01
REC0109,Client_G,Health & Fitness,YouTube,Video,Meme/Trending,Tuesday,Morning (08:00-12:00),0.0,1279,1064,39,4,1,2,12,0,0.0,489,2239.98,43.28
REC0110,Client_D,B2B Tech/SaaS,LinkedIn,Image,Customer Testimonial,Sunday,Night (21:00-08:00),90.02,1165,935,6,0,0,0,23,1,139.83,0,0.0,32.8
REC0111,Client_J,Travel & Hospitality,Instagram,Carousel,Industry News,Wednesday,Morning (08:00-12:00),42.34,1187,863,23,3,1,1,15,0,0.0,0,0.0,37.21
REC0112,Client_J,Travel & Hospitality,Facebook,Image,Product Education,Saturday,Afternoon (12:00-17:00),0.0,455,381,8,0,0,0,3,0,0.0,0,0.0,31.81
REC0113,Client_F,Fintech & Finance,LinkedIn,Text,Industry News,Saturday,Night (21:00-08:00),14.43,382,285,1,0,0,0,4,0,0.0,0,0.0,20.3
REC0114,Client_H,Real Estate,Facebook,Text,Behind the Scenes,Wednesday,Evening (17:00-21:00),68.32,843,694,14,2,0,1,16,0,0.0,0,0.0,32.59
REC0115,Client_A,Fashion & Retail,Instagram,Image,Promotional/Discount,Monday,Evening (17:00-21:00),0.0,683,495,17,2,1,0,11,0,0.0,0,0.0,43.41
REC0116,Client_G,Health & Fitness,LinkedIn,Text,Product Education,Thursday,Morning (08:00-12:00),0.0,305,242,3,0,0,0,2,0,0.0,0,0.0,25.16
REC0117,Client_E,Food & Beverage,Facebook,Image,Product Education,Friday,Afternoon (12:00-17:00),0.0,465,308,7,1,0,0,3,0,0.0,0,0.0,31.74
REC0118,Client_I,E-Learning & Education,Facebook,Text,Promotional/Discount,Friday,Afternoon (12:00-17:00),16.84,514,459,3,0,0,0,8,0,0.0,0,0.0,23.68
REC0119,Client_B,Fashion & Retail,YouTube,Video,Promotional/Discount,Tuesday,Morning (08:00-12:00),0.0,1021,850,13,1,1,0,17,1,46.12,458,6757.61,36.48
REC0120,Client_E,Food & Beverage,LinkedIn,Image,Product Education,Wednesday,Evening (17:00-21:00),0.0,248,168,4,0,0,0,2,0,0.0,0,0.0,34.67
REC0121,Client_B,Fashion & Retail,Instagram,Carousel,Meme/Trending,Saturday,Morning (08:00-12:00),0.0,768,592,34,5,3,2,6,0,0.0,0,0.0,58.92
REC0122,Client_F,Fintech & Finance,LinkedIn,Carousel,Lifestyle/Aesthetic,Thursday,Evening (17:00-21:00),0.0,402,277,6,0,0,0,3,0,0.0,0,0.0,34.52
REC0123,Client_I,E-Learning & Education,LinkedIn,Carousel,Product Education,Sunday,Afternoon (12:00-17:00),103.52,1341,1038,19,2,1,1,26,2,94.08,0,0.0,40.06
REC0124,Client_J,Travel & Hospitality,Instagram,Carousel,Product Education,Thursday,Morning (08:00-12:00),0.0,717,630,19,1,1,1,5,0,0.0,0,0.0,39.37
REC0125,Client_B,Fashion & Retail,Instagram,Carousel,Promotional/Discount,Monday,Evening (17:00-21:00),346.63,3592,2730,101,7,9,8,104,9,398.34,0,0.0,64.75
REC0126,Client_G,Health & Fitness,Instagram,Reel,Behind the Scenes,Thursday,Night (21:00-08:00),0.0,943,615,35,3,2,3,6,0,0.0,491,6298.92,55.81
REC0127,Client_B,Fashion & Retail,Instagram,Reel,Product Education,Wednesday,Afternoon (12:00-17:00),0.0,741,573,15,1,0,1,6,0,0.0,280,2009.08,36.2
REC0128,Client_B,Fashion & Retail,Facebook,Text,Lifestyle/Aesthetic,Monday,Morning (08:00-12:00),0.0,292,192,2,0,0,0,2,0,0.0,0,0.0,25.31
REC0129,Client_A,Fashion & Retail,Facebook,Image,Meme/Trending,Wednesday,Night (21:00-08:00),0.0,357,238,6,0,0,0,2,0,0.0,0,0.0,33.96
REC0130,Client_B,Fashion & Retail,LinkedIn,Carousel,Customer Testimonial,Sunday,Evening (17:00-21:00),98.87,1386,1090,46,7,2,2,23,1,48.76,0,0.0,52.51
REC0131,Client_G,Health & Fitness,Instagram,Reel,Lifestyle/Aesthetic,Wednesday,Evening (17:00-21:00),0.0,1391,1002,54,3,4,3,9,0,0.0,617,4081.57,53.55
REC0132,Client_E,Food & Beverage,Instagram,Carousel,Lifestyle/Aesthetic,Monday,Night (21:00-08:00),324.63,3489,2564,201,22,13,16,73,2,47.68,0,0.0,66.81
REC0133,Client_B,Fashion & Retail,Instagram,Reel,Promotional/Discount,Friday,Evening (17:00-21:00),0.0,1239,815,58,3,5,1,20,1,48.7,548,2548.36,65.86
REC0134,Client_C,B2B Tech/SaaS,Facebook,Video,Industry News,Wednesday,Afternoon (12:00-17:00),0.0,490,381,7,0,0,0,4,0,0.0,221,2344.64,31.99
REC0135,Client_F,Fintech & Finance,Facebook,Image,Industry News,Thursday,Afternoon (12:00-17:00),32.63,661,462,6,0,0,0,8,0,0.0,0,0.0,27.06
REC0136,Client_D,B2B Tech/SaaS,Instagram,Carousel,Industry News,Friday,Morning (08:00-12:00),85.83,1428,1220,46,6,3,1,24,0,0.0,0,0.0,45.93
REC0137,Client_A,Fashion & Retail,Instagram,Reel,Industry News,Friday,Morning (08:00-12:00),0.0,1398,1242,45,2,3,1,10,0,0.0,681,2978.59,43.43
REC0138,Client_A,Fashion & Retail,Instagram,Carousel,Customer Testimonial,Sunday,Night (21:00-08:00),0.0,751,548,55,5,4,3,6,0,0.0,0,0.0,58.69
REC0139,Client_C,B2B Tech/SaaS,Facebook,Text,Promotional/Discount,Wednesday,Night (21:00-08:00),0.0,332,284,1,0,0,0,4,0,0.0,0,0.0,21.96
REC0140,Client_E,Food & Beverage,Instagram,Carousel,Meme/Trending,Monday,Evening (17:00-21:00),0.0,756,652,41,3,3,3,6,0,0.0,0,0.0,59.2
REC0141,Client_C,B2B Tech/SaaS,Facebook,Reel,Meme/Trending,Sunday,Night (21:00-08:00),0.0,788,615,3,0,0,0,6,0,0.0,357,2694.25,23.54
REC0142,Client_C,B2B Tech/SaaS,LinkedIn,Image,Lifestyle/Aesthetic,Wednesday,Morning (08:00-12:00),291.73,2906,2310,130,9,6,13,63,3,452.87,0,0.0,69.35
REC0143,Client_D,B2B Tech/SaaS,Instagram,Carousel,Customer Testimonial,Wednesday,Afternoon (12:00-17:00),66.36,1338,913,48,4,2,2,19,1,151.36,0,0.0,62.62
REC0144,Client_D,B2B Tech/SaaS,Instagram,Video,Lifestyle/Aesthetic,Thursday,Morning (08:00-12:00),131.02,2268,1946,182,16,10,7,33,1,143.11,1232,11941.17,68.03
REC0145,Client_C,B2B Tech/SaaS,Instagram,Carousel,Industry News,Wednesday,Morning (08:00-12:00),0.0,424,380,24,2,1,1,2,0,0.0,0,0.0,56.8
REC0146,Client_A,Fashion & Retail,Facebook,Reel,Meme/Trending,Wednesday,Morning (08:00-12:00),0.0,714,470,5,0,0,0,5,0,0.0,385,3524.61,26.16
REC0147,Client_D,B2B Tech/SaaS,Facebook,Video,Behind the Scenes,Thursday,Afternoon (12:00-17:00),0.0,403,322,11,1,0,1,3,0,0.0,188,2383.67,39.26
REC0148,Client_C,B2B Tech/SaaS,LinkedIn,Image,Promotional/Discount,Friday,Morning (08:00-12:00),0.0,285,207,2,0,0,0,4,0,0.0,0,0.0,26.17
REC0149,Client_F,Fintech & Finance,Facebook,Text,Behind the Scenes,Saturday,Morning (08:00-12:00),254.78,2434,2164,31,5,2,3,55,1,125.71,0,0.0,36.66
REC0150,Client_I,E-Learning & Education,Facebook,Image,Industry News,Friday,Night (21:00-08:00),0.0,442,355,0,0,0,0,3,0,0.0,0,0.0,20.09
REC0151,Client_C,B2B Tech/SaaS,LinkedIn,Text,Behind the Scenes,Friday,Morning (08:00-12:00),314.82,2919,2511,68,7,3,5,71,2,321.8,0,0.0,48.56
REC0152,Client_C,B2B Tech/SaaS,LinkedIn,Video,Lifestyle/Aesthetic,Sunday,Evening (17:00-21:00),141.29,1742,1227,21,2,1,2,33,1,161.01,767,9861.46,39.74
REC0153,Client_F,Fintech & Finance,Instagram,Reel,Lifestyle/Aesthetic,Tuesday,Night (21:00-08:00),64.19,1858,1263,25,3,1,0,26,1,125.32,751,5879.85,42.47
REC0154,Client_I,E-Learning & Education,Instagram,Carousel,Behind the Scenes,Tuesday,Night (21:00-08:00),0.0,806,617,15,2,0,1,7,0,0.0,0,0.0,36.75
REC0155,Client_B,Fashion & Retail,Instagram,Reel,Meme/Trending,Wednesday,Morning (08:00-12:00),0.0,1330,1088,43,3,3,4,12,0,0.0,533,7198.77,48.88
REC0156,Client_E,Food & Beverage,YouTube,Shorts,Product Education,Thursday,Evening (17:00-21:00),0.0,1217,984,27,1,1,1,11,0,0.0,580,7104.63,36.75
REC0157,Client_I,E-Learning & Education,Instagram,Reel,Behind the Scenes,Friday,Morning (08:00-12:00),0.0,1020,884,51,6,4,4,6,0,0.0,382,4524.85,55.75
REC0158,Client_F,Fintech & Finance,LinkedIn,Text,Lifestyle/Aesthetic,Saturday,Morning (08:00-12:00),0.0,235,156,2,0,0,0,1,0,0.0,0,0.0,30.04
REC0159,Client_F,Fintech & Finance,Facebook,Reel,Customer Testimonial,Monday,Evening (17:00-21:00),0.0,1147,748,7,1,0,0,8,0,0.0,521,7665.04,26.49
REC0160,Client_F,Fintech & Finance,Instagram,Reel,Lifestyle/Aesthetic,Monday,Afternoon (12:00-17:00),95.77,1753,1463,43,5,3,3,28,1,129.1,850,8129.03,48.37
REC0161,Client_H,Real Estate,Facebook,Text,Industry News,Saturday,Evening (17:00-21:00),20.19,448,345,2,0,0,0,7,0,0.0,0,0.0,21.76
REC0162,Client_B,Fashion & Retail,Instagram,Carousel,Lifestyle/Aesthetic,Monday,Morning (08:00-12:00),42.69,1190,1005,29,2,2,2,15,0,0.0,0,0.0,39.29
REC0163,Client_A,Fashion & Retail,YouTube,Video,Lifestyle/Aesthetic,Thursday,Morning (08:00-12:00),0.0,989,679,16,2,1,0,9,0,0.0,445,4964.17,37.4
REC0164,Client_E,Food & Beverage,Instagram,Reel,Lifestyle/Aesthetic,Tuesday,Afternoon (12:00-17:00),0.0,1078,745,27,2,1,2,10,0,0.0,429,6232.31,44.15
REC0165,Client_D,B2B Tech/SaaS,YouTube,Shorts,Customer Testimonial,Tuesday,Afternoon (12:00-17:00),0.0,1163,928,31,4,3,1,10,0,0.0,630,5832.23,44.07
REC0166,Client_B,Fashion & Retail,YouTube,Video,Behind the Scenes,Saturday,Night (21:00-08:00),49.6,1752,1559,118,16,8,10,22,0,0.0,895,3179.65,61.78
REC0167,Client_J,Travel & Hospitality,Instagram,Reel,Customer Testimonial,Saturday,Morning (08:00-12:00),87.32,2697,2077,76,5,3,2,34,2,204.88,1479,11293.46,57.61
REC0168,Client_E,Food & Beverage,Instagram,Reel,Behind the Scenes,Monday,Afternoon (12:00-17:00),0.0,1305,922,38,2,2,1,10,0,0.0,568,3928.32,45.44
REC0169,Client_C,B2B Tech/SaaS,LinkedIn,Text,Meme/Trending,Sunday,Evening (17:00-21:00),0.0,351,300,5,0,0,0,2,0,0.0,0,0.0,30.04
REC0170,Client_I,E-Learning & Education,LinkedIn,Image,Customer Testimonial,Friday,Morning (08:00-12:00),0.0,377,276,7,0,0,0,3,0,0.0,0,0.0,33.81
REC0171,Client_G,Health & Fitness,YouTube,Video,Industry News,Saturday,Morning (08:00-12:00),90.82,1694,1513,43,4,2,1,23,1,65.6,668,7318.99,45.44
REC0172,Client_I,E-Learning & Education,Facebook,Video,Behind the Scenes,Saturday,Afternoon (12:00-17:00),0.0,507,345,3,0,0,0,4,0,0.0,216,1722.31,25.28
REC0173,Client_J,Travel & Hospitality,Facebook,Image,Meme/Trending,Saturday,Morning (08:00-12:00),158.5,1585,1406,38,2,2,3,36,0,0.0,0,0.0,39.03
REC0174,Client_H,Real Estate,Instagram,Image,Meme/Trending,Wednesday,Afternoon (12:00-17:00),0.0,717,620,62,9,3,3,5,0,0.0,0,0.0,59.05
REC0175,Client_A,Fashion & Retail,Facebook,Video,Meme/Trending,Monday,Morning (08:00-12:00),36.7,987,736,13,2,0,1,14,0,0.0,484,6197.88,32.59
REC0176,Client_I,E-Learning & Education,LinkedIn,Text,Industry News,Monday,Morning (08:00-12:00),0.0,268,227,4,0,0,0,1,0,0.0,0,0.0,29.85
REC0177,Client_H,Real Estate,Facebook,Video,Meme/Trending,Saturday,Night (21:00-08:00),0.0,454,313,2,0,0,0,3,0,0.0,238,2443.32,22.28
REC0178,Client_H,Real Estate,Facebook,Image,Product Education,Wednesday,Afternoon (12:00-17:00),18.74,598,484,10,1,0,0,7,0,0.0,0,0.0,32.29
REC0179,Client_B,Fashion & Retail,YouTube,Shorts,Behind the Scenes,Saturday,Morning (08:00-12:00),0.0,1285,1149,39,3,3,1,10,0,0.0,582,6915.29,43.15
REC0180,Client_B,Fashion & Retail,Instagram,Reel,Lifestyle/Aesthetic,Tuesday,Evening (17:00-21:00),0.0,1174,967,46,3,3,3,10,0,0.0,516,5709.37,52.39
REC0181,Client_F,Fintech & Finance,LinkedIn,Image,Promotional/Discount,Tuesday,Morning (08:00-12:00),28.68,729,512,15,0,1,1,14,0,0.0,0,0.0,37.12
REC0182,Client_D,B2B Tech/SaaS,Facebook,Video,Customer Testimonial,Monday,Afternoon (12:00-17:00),284.7,3080,2754,27,1,2,0,69,5,740.1,1237,10159.28,47.89
REC0183,Client_I,E-Learning & Education,LinkedIn,Video,Promotional/Discount,Monday,Evening (17:00-21:00),0.0,601,404,2,0,0,0,8,0,0.0,240,900.08,23.53
REC0184,Client_B,Fashion & Retail,Facebook,Text,Customer Testimonial,Tuesday,Afternoon (12:00-17:00),0.0,343,293,4,0,0,0,3,0,0.0,0,0.0,25.82
REC0185,Client_C,B2B Tech/SaaS,LinkedIn,Text,Industry News,Saturday,Evening (17:00-21:00),0.0,240,209,1,0,0,0,1,0,0.0,0,0.0,21.83
REC0186,Client_D,B2B Tech/SaaS,LinkedIn,Image,Meme/Trending,Thursday,Afternoon (12:00-17:00),0.0,319,209,8,0,0,0,2,0,0.0,0,0.0,42.61
REC0187,Client_F,Fintech & Finance,LinkedIn,Image,Lifestyle/Aesthetic,Friday,Night (21:00-08:00),0.0,403,345,3,0,0,0,3,0,0.0,0,0.0,23.56
REC0188,Client_J,Travel & Hospitality,YouTube,Shorts,Meme/Trending,Saturday,Night (21:00-08:00),0.0,1389,1032,124,11,7,12,9,0,0.0,631,7908.85,60.56
REC0189,Client_G,Health & Fitness,Facebook,Carousel,Customer Testimonial,Saturday,Morning (08:00-12:00),62.63,835,693,9,1,0,0,16,1,63.47,0,0.0,34.66
REC0190,Client_F,Fintech & Finance,LinkedIn,Text,Lifestyle/Aesthetic,Wednesday,Night (21:00-08:00),0.0,3660,3111,12,0,0,0,1,0,0.0,0,0.0,98.5
REC0191,Client_H,Real Estate,Facebook,Video,Meme/Trending,Monday,Afternoon (12:00-17:00),0.0,508,425,9,0,0,0,3,0,0.0,228,3237.04,34.4
REC0192,Client_G,Health & Fitness,Instagram,Reel,Meme/Trending,Friday,Morning (08:00-12:00),0.0,1435,1274,105,11,9,7,11,0,0.0,707,9600.18,61.18
REC0193,Client_F,Fintech & Finance,Facebook,Video,Product Education,Friday,Morning (08:00-12:00),0.0,562,405,5,0,0,0,4,0,0.0,269,857.06,27.19
REC0194,Client_B,Fashion & Retail,Instagram,Reel,Promotional/Discount,Sunday,Morning (08:00-12:00),0.0,1233,1104,42,4,4,1,21,1,44.52,448,5264.37,52.18
REC0195,Client_H,Real Estate,Instagram,Carousel,Customer Testimonial,Thursday,Night (21:00-08:00),74.6,1388,1190,30,2,2,0,20,1,304.86,0,0.0,53.5
REC0196,Client_I,E-Learning & Education,LinkedIn,Carousel,Industry News,Saturday,Evening (17:00-21:00),0.0,7635,6489,36,0,0,0,3,0,0.0,0,0.0,98.5
REC0197,Client_J,Travel & Hospitality,YouTube,Video,Lifestyle/Aesthetic,Saturday,Afternoon (12:00-17:00),90.41,1666,1328,74,9,7,7,27,1,101.16,777,3577.16,65.73
REC0198,Client_C,B2B Tech/SaaS,LinkedIn,Text,Product Education,Saturday,Afternoon (12:00-17:00),0.0,346,244,4,0,0,0,2,0,0.0,0,0.0,29.11
REC0199,Client_E,Food & Beverage,Facebook,Text,Meme/Trending,Sunday,Afternoon (12:00-17:00),0.0,362,248,8,0,0,0,3,0,0.0,0,0.0,39.53
REC0200,Client_B,Fashion & Retail,Facebook,Video,Lifestyle/Aesthetic,Wednesday,Night (21:00-08:00),356.84,3582,2844,73,5,8,4,84,4,192.89,1968,11607.18,49.77
REC0201,Client_A,Fashion & Retail,YouTube,Shorts,Industry News,Wednesday,Afternoon (12:00-17:00),0.0,1505,1065,16,2,1,1,9,0,0.0,696,7304.78,31.71
REC0202,Client_E,Food & Beverage,Instagram,Carousel,Promotional/Discount,Friday,Morning (08:00-12:00),0.0,1028,768,22,2,2,2,14,0,0.0,0,0.0,39.69
REC0203,Client_C,B2B Tech/SaaS,LinkedIn,Text,Lifestyle/Aesthetic,Monday,Afternoon (12:00-17:00),0.0,250,190,4,0,0,0,1,0,0.0,0,0.0,30.85
REC0204,Client_I,E-Learning & Education,Facebook,Image,Customer Testimonial,Monday,Night (21:00-08:00),0.0,303,200,0,0,0,0,2,0,0.0,0,0.0,18.61
REC0205,Client_H,Real Estate,Facebook,Reel,Customer Testimonial,Thursday,Night (21:00-08:00),0.0,830,712,7,0,0,0,6,0,0.0,328,4588.09,26.01
REC0206,Client_D,B2B Tech/SaaS,Facebook,Carousel,Lifestyle/Aesthetic,Wednesday,Evening (17:00-21:00),0.0,633,551,9,0,0,0,5,0,0.0,0,0.0,31.2
REC0207,Client_E,Food & Beverage,Instagram,Carousel,Meme/Trending,Friday,Evening (17:00-21:00),175.99,2230,1757,234,22,11,13,40,2,45.75,0,0.0,66.11
REC0208,Client_E,Food & Beverage,Instagram,Video,Product Education,Thursday,Night (21:00-08:00),44.84,1077,705,39,3,2,1,16,0,0.0,544,2131.26,54.11
REC0209,Client_H,Real Estate,Instagram,Image,Behind the Scenes,Sunday,Evening (17:00-21:00),0.0,484,372,10,0,0,0,3,0,0.0,0,0.0,35.26
REC0210,Client_J,Travel & Hospitality,YouTube,Video,Behind the Scenes,Monday,Afternoon (12:00-17:00),0.0,1396,1178,39,3,2,3,13,0,0.0,543,4817.88,41.55
REC0211,Client_I,E-Learning & Education,LinkedIn,Text,Customer Testimonial,Thursday,Evening (17:00-21:00),251.2,2434,1835,43,6,4,3,56,4,200.52,0,0.0,46.59
REC0212,Client_F,Fintech & Finance,Instagram,Carousel,Product Education,Friday,Night (21:00-08:00),31.17,1014,875,9,0,0,0,12,0,0.0,0,0.0,27.31
REC0213,Client_F,Fintech & Finance,LinkedIn,Carousel,Customer Testimonial,Wednesday,Night (21:00-08:00),0.0,487,337,4,0,0,0,3,0,0.0,0,0.0,26.43
REC0214,Client_J,Travel & Hospitality,Facebook,Text,Industry News,Monday,Afternoon (12:00-17:00),131.23,1398,991,9,1,0,0,31,1,90.13,0,0.0,30.44
REC0215,Client_I,E-Learning & Education,Facebook,Text,Lifestyle/Aesthetic,Tuesday,Evening (17:00-21:00),0.0,387,268,4,0,0,0,3,0,0.0,0,0.0,29.35
REC0216,Client_E,Food & Beverage,Instagram,Image,Product Education,Monday,Night (21:00-08:00),0.0,516,378,20,2,1,0,4,0,0.0,0,0.0,52.78
REC0217,Client_J,Travel & Hospitality,Instagram,Reel,Customer Testimonial,Sunday,Morning (08:00-12:00),131.94,2365,2085,95,9,8,5,34,2,196.74,966,6748.93,61.89
REC0218,Client_B,Fashion & Retail,LinkedIn,Video,Promotional/Discount,Wednesday,Morning (08:00-12:00),0.0,467,375,3,0,0,0,6,0,0.0,214,1532.8,24.6
REC0219,Client_C,B2B Tech/SaaS,LinkedIn,Text,Customer Testimonial,Thursday,Morning (08:00-12:00),728.65,6490,5742,265,22,13,11,165,10,1452.43,0,0.0,78.27
REC0220,Client_I,E-Learning & Education,YouTube,Video,Lifestyle/Aesthetic,Saturday,Afternoon (12:00-17:00),0.0,801,556,18,1,1,1,6,0,0.0,395,5243.07,41.31
REC0221,Client_B,Fashion & Retail,Facebook,Reel,Meme/Trending,Sunday,Night (21:00-08:00),41.72,1078,816,38,2,3,2,13,0,0.0,505,4144.09,48.83
REC0222,Client_E,Food & Beverage,Instagram,Carousel,Lifestyle/Aesthetic,Monday,Evening (17:00-21:00),208.08,2624,2244,130,15,12,7,50,1,26.63,0,0.0,61.83
REC0223,Client_E,Food & Beverage,Instagram,Image,Industry News,Wednesday,Morning (08:00-12:00),0.0,634,536,12,1,1,0,5,0,0.0,0,0.0,33.41
REC0224,Client_F,Fintech & Finance,LinkedIn,Carousel,Meme/Trending,Sunday,Afternoon (12:00-17:00),0.0,419,277,8,0,0,0,3,0,0.0,0,0.0,35.88
REC0225,Client_E,Food & Beverage,Facebook,Image,Customer Testimonial,Friday,Night (21:00-08:00),255.76,2496,1675,51,5,4,2,57,4,106.47,0,0.0,49.7
REC0226,Client_A,Fashion & Retail,Instagram,Carousel,Promotional/Discount,Saturday,Morning (08:00-12:00),0.0,827,544,23,2,1,1,14,1,46.93,0,0.0,52.61
REC0227,Client_G,Health & Fitness,LinkedIn,Image,Customer Testimonial,Sunday,Evening (17:00-21:00),187.3,1864,1529,81,5,4,4,45,3,177.99,0,0.0,61.68
REC0228,Client_D,B2B Tech/SaaS,LinkedIn,Text,Lifestyle/Aesthetic,Friday,Night (21:00-08:00),60.95,775,679,5,0,0,0,14,0,0.0,0,0.0,24.83
REC0229,Client_I,E-Learning & Education,Instagram,Reel,Meme/Trending,Thursday,Evening (17:00-21:00),67.1,1661,1210,72,10,5,4,25,1,45.08,894,5226.09,65.05
REC0230,Client_D,B2B Tech/SaaS,LinkedIn,Text,Behind the Scenes,Tuesday,Evening (17:00-21:00),0.0,181,143,3,0,0,0,1,0,0.0,0,0.0,33.85
REC0231,Client_I,E-Learning & Education,Instagram,Reel,Lifestyle/Aesthetic,Wednesday,Afternoon (12:00-17:00),82.25,1719,1452,152,11,9,8,24,0,0.0,906,7282.6,61.57
REC0232,Client_D,B2B Tech/SaaS,LinkedIn,Text,Promotional/Discount,Tuesday,Morning (08:00-12:00),0.0,350,290,9,0,0,0,4,0,0.0,0,0.0,37.76
REC0233,Client_E,Food & Beverage,Facebook,Reel,Meme/Trending,Monday,Night (21:00-08:00),58.8,1243,810,22,2,2,1,17,0,0.0,525,5142.15,37.0
REC0234,Client_F,Fintech & Finance,LinkedIn,Image,Customer Testimonial,Sunday,Evening (17:00-21:00),0.0,5280,4488,24,0,0,0,2,0,0.0,0,0.0,98.5
REC0235,Client_J,Travel & Hospitality,Instagram,Carousel,Industry News,Sunday,Night (21:00-08:00),59.22,1453,1260,75,9,5,5,19,0,0.0,0,0.0,58.16
REC0236,Client_E,Food & Beverage,Facebook,Image,Promotional/Discount,Monday,Afternoon (12:00-17:00),88.57,1147,982,8,0,0,0,33,2,48.37,0,0.0,31.5
REC0237,Client_D,B2B Tech/SaaS,Instagram,Image,Lifestyle/Aesthetic,Saturday,Night (21:00-08:00),0.0,655,560,8,0,0,0,5,0,0.0,0,0.0,29.18
REC0238,Client_J,Travel & Hospitality,Instagram,Carousel,Promotional/Discount,Wednesday,Afternoon (12:00-17:00),0.0,905,784,22,2,1,1,13,0,0.0,0,0.0,39.25
REC0239,Client_G,Health & Fitness,YouTube,Shorts,Product Education,Wednesday,Evening (17:00-21:00),148.65,2144,1646,57,4,4,4,41,3,180.42,776,5008.29,53.62
REC0240,Client_B,Fashion & Retail,LinkedIn,Carousel,Promotional/Discount,Wednesday,Afternoon (12:00-17:00),0.0,372,243,3,0,0,0,5,0,0.0,0,0.0,24.99
REC0241,Client_F,Fintech & Finance,Instagram,Reel,Customer Testimonial,Monday,Night (21:00-08:00),107.67,2070,1586,18,1,1,0,33,2,242.31,796,5214.74,41.59
REC0242,Client_I,E-Learning & Education,YouTube,Video,Promotional/Discount,Friday,Night (21:00-08:00),13.75,1302,1119,4,0,0,0,24,2,104.54,660,9855.77,53.86
REC0243,Client_H,Real Estate,Facebook,Text,Promotional/Discount,Thursday,Afternoon (12:00-17:00),0.0,368,246,3,0,0,0,4,0,0.0,0,0.0,26.37
REC0244,Client_G,Health & Fitness,LinkedIn,Text,Meme/Trending,Thursday,Morning (08:00-12:00),0.0,291,196,5,0,0,0,1,0,0.0,0,0.0,34.67
REC0245,Client_C,B2B Tech/SaaS,Instagram,Image,Industry News,Wednesday,Night (21:00-08:00),0.0,506,398,6,0,0,0,3,0,0.0,0,0.0,29.49
REC0246,Client_G,Health & Fitness,YouTube,Video,Industry News,Saturday,Afternoon (12:00-17:00),342.9,3593,2763,84,9,8,6,81,2,125.72,1736,7698.72,48.43
REC0247,Client_D,B2B Tech/SaaS,LinkedIn,Carousel,Promotional/Discount,Wednesday,Afternoon (12:00-17:00),0.0,464,379,9,0,0,0,6,0,0.0,0,0.0,34.32
REC0248,Client_J,Travel & Hospitality,Instagram,Carousel,Customer Testimonial,Friday,Night (21:00-08:00),0.0,922,824,75,5,3,3,8,0,0.0,0,0.0,59.89
REC0249,Client_F,Fintech & Finance,LinkedIn,Text,Behind the Scenes,Thursday,Morning (08:00-12:00),0.0,224,195,9,1,1,0,1,0,0.0,0,0.0,49.06
REC0250,Client_E,Food & Beverage,Instagram,Carousel,Product Education,Friday,Morning (08:00-12:00),0.0,868,710,29,2,2,2,6,0,0.0,0,0.0,47.21
REC0251,Client_I,E-Learning & Education,Instagram,Carousel,Promotional/Discount,Saturday,Afternoon (12:00-17:00),113.76,1790,1163,27,3,1,1,43,2,104.61,0,0.0,42.69
REC0252,Client_A,Fashion & Retail,YouTube,Video,Behind the Scenes,Monday,Evening (17:00-21:00),0.0,891,729,24,3,2,1,5,0,0.0,332,2008.98,44.05
REC0253,Client_D,B2B Tech/SaaS,LinkedIn,Image,Customer Testimonial,Saturday,Morning (08:00-12:00),62.72,878,665,16,1,1,1,16,1,137.41,0,0.0,44.96
REC0254,Client_B,Fashion & Retail,Instagram,Reel,Behind the Scenes,Tuesday,Morning (08:00-12:00),180.21,2519,2017,50,5,3,4,43,2,83.68,1277,13300.18,42.73
REC0255,Client_G,Health & Fitness,YouTube,Video,Meme/Trending,Friday,Morning (08:00-12:00),0.0,1274,835,33,2,1,2,11,0,0.0,496,4113.73,47.84
REC0256,Client_B,Fashion & Retail,Instagram,Carousel,Lifestyle/Aesthetic,Tuesday,Night (21:00-08:00),500.0,1500,1200,1,0,0,0,0,0,0.0,0,0.0,5.2
REC0257,Client_F,Fintech & Finance,Instagram,Reel,Behind the Scenes,Friday,Night (21:00-08:00),0.0,729,587,7,0,0,0,6,0,0.0,394,5359.49,28.23
REC0258,Client_H,Real Estate,Facebook,Image,Promotional/Discount,Wednesday,Morning (08:00-12:00),130.88,1526,1068,22,1,2,2,44,3,904.48,0,0.0,65.24
REC0259,Client_A,Fashion & Retail,Instagram,Carousel,Product Education,Monday,Afternoon (12:00-17:00),30.36,1045,743,17,2,1,1,11,0,0.0,0,0.0,35.67
REC0260,Client_B,Fashion & Retail,LinkedIn,Image,Promotional/Discount,Wednesday,Night (21:00-08:00),0.0,183,120,2,0,0,0,2,0,0.0,0,0.0,28.77
REC0261,Client_E,Food & Beverage,Instagram,Image,Meme/Trending,Tuesday,Afternoon (12:00-17:00),0.0,564,476,20,2,1,1,4,0,0.0,0,0.0,47.11
REC0262,Client_H,Real Estate,LinkedIn,Text,Meme/Trending,Saturday,Evening (17:00-21:00),42.49,610,508,12,1,0,0,11,0,0.0,0,0.0,34.51
REC0263,Client_H,Real Estate,LinkedIn,Text,Meme/Trending,Thursday,Afternoon (12:00-17:00),160.28,1555,1060,75,7,4,6,37,1,326.32,0,0.0,69.77
REC0264,Client_B,Fashion & Retail,Instagram,Image,Product Education,Sunday,Evening (17:00-21:00),48.16,989,653,33,3,2,1,13,0,0.0,0,0.0,52.09
REC0265,Client_A,Fashion & Retail,Instagram,Carousel,Industry News,Thursday,Morning (08:00-12:00),0.0,702,529,10,0,0,0,4,0,0.0,0,0.0,31.65
REC0266,Client_A,Fashion & Retail,Instagram,Reel,Product Education,Thursday,Morning (08:00-12:00),53.88,1367,1057,28,3,1,2,20,1,43.16,548,3797.12,44.3
REC0267,Client_A,Fashion & Retail,Instagram,Image,Meme/Trending,Tuesday,Afternoon (12:00-17:00),0.0,773,515,33,2,2,2,6,0,0.0,0,0.0,58.5
REC0268,Client_I,E-Learning & Education,Facebook,Video,Product Education,Friday,Morning (08:00-12:00),56.39,1150,950,10,1,0,0,15,1,47.08,433,4616.59,31.91
REC0269,Client_I,E-Learning & Education,Instagram,Image,Industry News,Friday,Afternoon (12:00-17:00),0.0,821,582,16,2,0,0,5,0,0.0,0,0.0,36.19
REC0270,Client_G,Health & Fitness,LinkedIn,Text,Industry News,Sunday,Evening (17:00-21:00),0.0,275,187,7,0,0,0,2,0,0.0,0,0.0,40.69
REC0271,Client_F,Fintech & Finance,LinkedIn,Text,Lifestyle/Aesthetic,Wednesday,Night (21:00-08:00),43.22,652,484,7,1,0,0,12,0,0.0,0,0.0,28.58
REC0272,Client_I,E-Learning & Education,YouTube,Video,Customer Testimonial,Tuesday,Night (21:00-08:00),0.0,1602,1412,22,2,1,2,10,0,0.0,577,6365.63,31.36
REC0273,Client_J,Travel & Hospitality,Instagram,Carousel,Promotional/Discount,Wednesday,Evening (17:00-21:00),0.0,947,793,23,3,1,2,12,0,0.0,0,0.0,37.71
REC0274,Client_H,Real Estate,Facebook,Text,Customer Testimonial,Saturday,Morning (08:00-12:00),199.59,2085,1555,23,3,1,1,47,3,918.78,0,0.0,54.18
REC0275,Client_C,B2B Tech/SaaS,LinkedIn,Video,Customer Testimonial,Thursday,Evening (17:00-21:00),283.82,3052,2260,74,8,3,3,70,3,491.53,1482,15674.39,53.76
REC0276,Client_H,Real Estate,Facebook,Text,Industry News,Monday,Afternoon (12:00-17:00),0.0,261,170,1,0,0,0,1,0,0.0,0,0.0,21.85
REC0277,Client_G,Health & Fitness,LinkedIn,Text,Lifestyle/Aesthetic,Saturday,Night (21:00-08:00),106.37,1238,968,56,5,5,5,26,1,55.65,0,0.0,62.48
REC0278,Client_J,Travel & Hospitality,Instagram,Reel,Meme/Trending,Tuesday,Afternoon (12:00-17:00),0.0,1199,1055,51,3,2,3,8,0,0.0,622,7406.47,53.24
REC0279,Client_G,Health & Fitness,Facebook,Text,Product Education,Tuesday,Evening (17:00-21:00),0.0,262,203,3,0,0,0,1,0,0.0,0,0.0,26.5
REC0280,Client_B,Fashion & Retail,Instagram,Image,Product Education,Friday,Night (21:00-08:00),0.0,525,429,23,3,2,0,4,0,0.0,0,0.0,53.64
REC0281,Client_H,Real Estate,Instagram,Carousel,Lifestyle/Aesthetic,Saturday,Afternoon (12:00-17:00),0.0,820,603,18,2,1,1,6,0,0.0,0,0.0,41.88
REC0282,Client_A,Fashion & Retail,YouTube,Video,Meme/Trending,Sunday,Evening (17:00-21:00),0.0,880,787,53,6,3,4,6,0,0.0,363,4025.02,59.76
REC0283,Client_H,Real Estate,Instagram,Reel,Customer Testimonial,Monday,Night (21:00-08:00),224.62,3478,2381,26,2,1,0,64,4,1083.45,1775,26215.91,54.63
REC0284,Client_E,Food & Beverage,Instagram,Carousel,Lifestyle/Aesthetic,Friday,Night (21:00-08:00),0.0,1079,890,68,7,6,5,8,0,0.0,0,0.0,60.12
REC0285,Client_J,Travel & Hospitality,Instagram,Carousel,Industry News,Monday,Evening (17:00-21:00),0.0,684,610,21,2,1,0,5,0,0.0,0,0.0,40.79
REC0286,Client_G,Health & Fitness,Facebook,Video,Industry News,Tuesday,Evening (17:00-21:00),0.0,558,493,7,1,0,0,3,0,0.0,266,1934.22,27.83
REC0287,Client_G,Health & Fitness,Facebook,Text,Industry News,Saturday,Night (21:00-08:00),42.85,639,518,11,1,0,1,10,0,0.0,0,0.0,33.94
REC0288,Client_B,Fashion & Retail,Instagram,Carousel,Industry News,Sunday,Morning (08:00-12:00),0.0,728,584,19,2,0,0,5,0,0.0,0,0.0,42.62
REC0289,Client_B,Fashion & Retail,Instagram,Carousel,Product Education,Thursday,Morning (08:00-12:00),136.74,2173,1542,43,3,1,4,38,2,91.79,0,0.0,45.86
REC0290,Client_A,Fashion & Retail,Instagram,Reel,Meme/Trending,Thursday,Afternoon (12:00-17:00),0.0,1561,1035,63,7,3,6,10,0,0.0,628,6588.28,60.57
REC0291,Client_E,Food & Beverage,Instagram,Reel,Customer Testimonial,Monday,Night (21:00-08:00),0.0,1083,821,54,4,4,5,9,0,0.0,562,4350.24,59.88
REC0292,Client_A,Fashion & Retail,Instagram,Image,Behind the Scenes,Friday,Evening (17:00-21:00),161.07,2032,1598,108,10,10,7,38,2,93.87,0,0.0,67.04
REC0293,Client_B,Fashion & Retail,Instagram,Carousel,Promotional/Discount,Tuesday,Night (21:00-08:00),0.0,995,812,36,3,1,1,14,0,0.0,0,0.0,49.19
REC0294,Client_B,Fashion & Retail,Instagram,Reel,Customer Testimonial,Sunday,Night (21:00-08:00),0.0,1145,832,89,9,5,3,7,0,0.0,475,2517.9,59.92
REC0295,Client_C,B2B Tech/SaaS,LinkedIn,Carousel,Customer Testimonial,Friday,Night (21:00-08:00),181.1,2058,1718,11,0,0,0,43,3,480.29,0,0.0,40.76
REC0296,Client_F,Fintech & Finance,Facebook,Text,Customer Testimonial,Sunday,Afternoon (12:00-17:00),188.7,1999,1350,18,2,1,0,41,3,375.25,0,0.0,41.95
REC0297,Client_I,E-Learning & Education,YouTube,Shorts,Behind the Scenes,Thursday,Morning (08:00-12:00),0.0,1135,875,45,4,3,2,7,0,0.0,455,5593.33,57.14
REC0298,Client_J,Travel & Hospitality,Instagram,Reel,Lifestyle/Aesthetic,Tuesday,Morning (08:00-12:00),0.0,1146,827,33,4,2,1,10,0,0.0,544,2043.96,44.86
REC0299,Client_C,B2B Tech/SaaS,Instagram,Video,Lifestyle/Aesthetic,Friday,Morning (08:00-12:00),109.1,1704,1152,58,4,2,3,31,0,0.0,637,2189.71,52.13
REC0300,Client_D,B2B Tech/SaaS,LinkedIn,Text,Meme/Trending,Sunday,Night (21:00-08:00),0.0,259,193,1,0,0,0,1,0,0.0,0,0.0,22.47
REC0301,Client_E,Food & Beverage,Instagram,Reel,Customer Testimonial,Tuesday,Afternoon (12:00-17:00),0.0,805,627,21,2,1,0,5,0,0.0,349,1521.5,40.57
REC0302,Client_B,Fashion & Retail,YouTube,Shorts,Lifestyle/Aesthetic,Saturday,Morning (08:00-12:00),47.33,1445,1210,56,6,3,4,19,0,0.0,751,5369.88,49.27
REC0303,Client_G,Health & Fitness,LinkedIn,Carousel,Meme/Trending,Friday,Morning (08:00-12:00),0.0,475,324,14,1,1,1,4,0,0.0,0,0.0,48.02
REC0304,Client_E,Food & Beverage,Instagram,Carousel,Promotional/Discount,Tuesday,Morning (08:00-12:00),69.22,1203,1078,20,1,1,1,27,1,22.61,0,0.0,36.8
REC0305,Client_I,E-Learning & Education,Instagram,Carousel,Product Education,Thursday,Morning (08:00-12:00),0.0,751,643,46,7,4,4,6,0,0.0,0,0.0,59.16
REC0306,Client_D,B2B Tech/SaaS,LinkedIn,Image,Product Education,Friday,Night (21:00-08:00),0.0,295,209,0,0,0,0,2,0,0.0,0,0.0,19.02
REC0307,Client_E,Food & Beverage,Instagram,Reel,Behind the Scenes,Wednesday,Evening (17:00-21:00),0.0,922,735,42,3,2,2,8,0,0.0,390,4276.32,57.05
REC0308,Client_A,Fashion & Retail,Instagram,Image,Customer Testimonial,Saturday,Afternoon (12:00-17:00),0.0,668,477,20,1,1,1,5,0,0.0,0,0.0,43.55
REC0309,Client_G,Health & Fitness,YouTube,Shorts,Product Education,Sunday,Morning (08:00-12:00),0.0,915,683,14,1,0,1,7,0,0.0,396,5359.07,32.42
REC0310,Client_J,Travel & Hospitality,YouTube,Video,Meme/Trending,Sunday,Night (21:00-08:00),87.05,2025,1645,179,14,12,14,32,0,0.0,739,5550.06,61.94
REC0311,Client_B,Fashion & Retail,Instagram,Video,Behind the Scenes,Monday,Morning (08:00-12:00),99.74,1622,1340,34,2,3,2,28,0,0.0,574,3022.41,37.82
REC0312,Client_D,B2B Tech/SaaS,LinkedIn,Text,Meme/Trending,Wednesday,Night (21:00-08:00),0.0,292,231,4,0,0,0,2,0,0.0,0,0.0,27.62
REC0313,Client_H,Real Estate,YouTube,Video,Lifestyle/Aesthetic,Saturday,Morning (08:00-12:00),0.0,1096,789,24,2,2,0,9,0,0.0,479,4371.12,41.08
REC0314,Client_G,Health & Fitness,Instagram,Image,Behind the Scenes,Friday,Night (21:00-08:00),0.0,582,461,49,2,4,4,3,0,0.0,0,0.0,58.18
REC0315,Client_D,B2B Tech/SaaS,LinkedIn,Image,Behind the Scenes,Sunday,Afternoon (12:00-17:00),0.0,370,289,3,0,0,0,2,0,0.0,0,0.0,26.91
REC0316,Client_C,B2B Tech/SaaS,Instagram,Carousel,Behind the Scenes,Monday,Evening (17:00-21:00),0.0,960,664,15,1,1,1,7,0,0.0,0,0.0,34.52
REC0317,Client_C,B2B Tech/SaaS,LinkedIn,Carousel,Industry News,Monday,Morning (08:00-12:00),0.0,468,356,10,1,0,0,3,0,0.0,0,0.0,35.0
REC0318,Client_B,Fashion & Retail,Instagram,Image,Lifestyle/Aesthetic,Wednesday,Evening (17:00-21:00),0.0,529,423,25,2,2,2,3,0,0.0,0,0.0,55.87
REC0319,Client_F,Fintech & Finance,LinkedIn,Image,Industry News,Saturday,Evening (17:00-21:00),83.23,971,750,6,0,0,0,19,0,0.0,0,0.0,25.95
REC0320,Client_J,Travel & Hospitality,Facebook,Video,Product Education,Sunday,Evening (17:00-21:00),0.0,628,418,10,1,0,0,4,0,0.0,247,1137.52,33.83
REC0321,Client_J,Travel & Hospitality,Instagram,Image,Industry News,Monday,Evening (17:00-21:00),325.18,3391,2434,91,11,3,5,71,3,322.3,0,0.0,54.36
REC0322,Client_C,B2B Tech/SaaS,LinkedIn,Image,Lifestyle/Aesthetic,Wednesday,Evening (17:00-21:00),94.91,1170,764,23,1,1,1,25,1,141.78,0,0.0,45.93
REC0323,Client_J,Travel & Hospitality,Instagram,Image,Customer Testimonial,Wednesday,Night (21:00-08:00),0.0,700,627,37,4,3,3,4,0,0.0,0,0.0,59.09
REC0324,Client_C,B2B Tech/SaaS,LinkedIn,Text,Customer Testimonial,Saturday,Evening (17:00-21:00),128.74,1351,887,15,1,1,0,30,1,148.39,0,0.0,37.6
REC0325,Client_G,Health & Fitness,Instagram,Carousel,Lifestyle/Aesthetic,Friday,Evening (17:00-21:00),234.33,2854,1936,193,26,14,14,57,2,108.83,0,0.0,67.16
REC0326,Client_F,Fintech & Finance,Instagram,Reel,Customer Testimonial,Sunday,Night (21:00-08:00),0.0,1287,1092,10,0,0,1,10,0,0.0,617,8277.67,27.54
REC0327,Client_D,B2B Tech/SaaS,LinkedIn,Image,Behind the Scenes,Friday,Evening (17:00-21:00),98.27,1258,1122,16,1,1,1,25,0,0.0,0,0.0,30.26
REC0328,Client_C,B2B Tech/SaaS,LinkedIn,Text,Customer Testimonial,Monday,Afternoon (12:00-17:00),0.0,318,284,5,0,0,0,2,0,0.0,0,0.0,30.42
REC0329,Client_G,Health & Fitness,Facebook,Text,Promotional/Discount,Wednesday,Evening (17:00-21:00),272.64,2615,1735,29,3,2,2,76,5,273.96,0,0.0,44.66
REC0330,Client_F,Fintech & Finance,YouTube,Shorts,Industry News,Saturday,Afternoon (12:00-17:00),0.0,1544,1107,26,2,2,0,12,0,0.0,679,5779.41,36.59
REC0331,Client_E,Food & Beverage,Facebook,Text,Behind the Scenes,Tuesday,Afternoon (12:00-17:00),0.0,337,235,2,0,0,0,2,0,0.0,0,0.0,23.19
REC0332,Client_I,E-Learning & Education,LinkedIn,Text,Lifestyle/Aesthetic,Tuesday,Afternoon (12:00-17:00),0.0,255,177,6,0,0,0,1,0,0.0,0,0.0,41.15
REC0333,Client_A,Fashion & Retail,Instagram,Carousel,Customer Testimonial,Friday,Afternoon (12:00-17:00),0.0,879,728,35,4,2,1,7,0,0.0,0,0.0,50.43
REC0334,Client_A,Fashion & Retail,Instagram,Carousel,Product Education,Saturday,Morning (08:00-12:00),0.0,1042,880,45,6,1,3,9,0,0.0,0,0.0,52.12
REC0335,Client_A,Fashion & Retail,Instagram,Image,Industry News,Saturday,Morning (08:00-12:00),196.83,2215,1713,62,4,2,4,46,2,83.64,0,0.0,48.57
REC0336,Client_A,Fashion & Retail,Instagram,Reel,Meme/Trending,Monday,Afternoon (12:00-17:00),0.0,1026,781,44,6,2,2,7,0,0.0,546,3378.77,57.5
REC0337,Client_J,Travel & Hospitality,Instagram,Reel,Behind the Scenes,Monday,Evening (17:00-21:00),527.84,5828,4774,233,19,14,8,118,2,196.92,2967,13934.82,62.3
REC0338,Client_F,Fintech & Finance,LinkedIn,Carousel,Industry News,Friday,Night (21:00-08:00),396.02,3781,3077,21,2,1,1,86,1,118.93,0,0.0,30.81
REC0339,Client_C,B2B Tech/SaaS,LinkedIn,Video,Industry News,Tuesday,Night (21:00-08:00),104.39,1311,895,10,0,0,0,26,0,0.0,515,2028.9,27.92
REC0340,Client_E,Food & Beverage,Facebook,Reel,Behind the Scenes,Wednesday,Morning (08:00-12:00),0.0,891,684,6,0,0,0,6,0,0.0,433,2855.49,25.87
REC0341,Client_B,Fashion & Retail,Instagram,Reel,Customer Testimonial,Saturday,Evening (17:00-21:00),0.0,1006,658,54,4,4,5,7,0,0.0,546,7638.42,59.23
REC0342,Client_B,Fashion & Retail,Facebook,Image,Meme/Trending,Friday,Morning (08:00-12:00),208.84,2068,1748,47,4,2,2,47,1,46.88,0,0.0,43.13
REC0343,Client_G,Health & Fitness,YouTube,Shorts,Product Education,Tuesday,Morning (08:00-12:00),170.92,2911,2069,46,5,2,3,52,3,189.1,1309,5934.67,46.29
REC0344,Client_F,Fintech & Finance,LinkedIn,Video,Behind the Scenes,Monday,Afternoon (12:00-17:00),0.0,417,363,5,0,0,0,2,0,0.0,199,1258.82,27.99
REC0345,Client_B,Fashion & Retail,Instagram,Image,Lifestyle/Aesthetic,Tuesday,Morning (08:00-12:00),0.0,666,543,15,1,1,1,5,0,0.0,0,0.0,37.88
REC0346,Client_B,Fashion & Retail,Instagram,Carousel,Product Education,Monday,Evening (17:00-21:00),0.0,617,455,17,1,1,1,5,0,0.0,0,0.0,44.02
REC0347,Client_A,Fashion & Retail,Instagram,Carousel,Lifestyle/Aesthetic,Tuesday,Night (21:00-08:00),0.0,372,253,16,2,1,0,3,0,0.0,0,0.0,56.4
REC0348,Client_A,Fashion & Retail,Instagram,Carousel,Lifestyle/Aesthetic,Saturday,Afternoon (12:00-17:00),0.0,884,715,46,4,2,4,6,0,0.0,0,0.0,58.83
REC0349,Client_I,E-Learning & Education,Instagram,Carousel,Industry News,Tuesday,Evening (17:00-21:00),0.0,738,484,15,1,1,1,5,0,0.0,0,0.0,38.43
REC0350,Client_C,B2B Tech/SaaS,LinkedIn,Carousel,Industry News,Monday,Evening (17:00-21:00),89.83,1220,800,7,0,0,0,23,1,154.06,0,0.0,34.22
REC0351,Client_J,Travel & Hospitality,YouTube,Video,Product Education,Wednesday,Afternoon (12:00-17:00),940.51,8992,8048,227,29,8,7,216,18,1844.55,3388,14870.34,66.74
REC0352,Client_J,Travel & Hospitality,Instagram,Carousel,Promotional/Discount,Thursday,Night (21:00-08:00),0.0,694,590,26,2,2,0,8,0,0.0,0,0.0,46.67
REC0353,Client_E,Food & Beverage,YouTube,Video,Customer Testimonial,Sunday,Morning (08:00-12:00),135.5,2239,1915,68,8,5,4,34,2,50.03,1126,9935.25,52.38
REC0354,Client_I,E-Learning & Education,Facebook,Video,Industry News,Friday,Evening (17:00-21:00),0.0,514,414,2,0,0,0,4,0,0.0,193,1845.66,22.92
REC0355,Client_B,Fashion & Retail,Instagram,Carousel,Behind the Scenes,Sunday,Morning (08:00-12:00),24.27,1068,728,35,2,2,1,12,0,0.0,0,0.0,50.13
REC0356,Client_F,Fintech & Finance,LinkedIn,Carousel,Behind the Scenes,Monday,Afternoon (12:00-17:00),0.0,373,282,5,0,0,0,2,0,0.0,0,0.0,31.1
REC0357,Client_I,E-Learning & Education,LinkedIn,Text,Industry News,Thursday,Afternoon (12:00-17:00),0.0,114,88,1,0,0,0,0,0,0.0,0,0.0,30.23
REC0358,Client_C,B2B Tech/SaaS,LinkedIn,Text,Product Education,Thursday,Afternoon (12:00-17:00),457.22,4121,3153,92,6,5,6,101,6,890.51,0,0.0,59.95
REC0359,Client_B,Fashion & Retail,Instagram,Carousel,Product Education,Saturday,Night (21:00-08:00),206.96,2570,1823,129,11,11,12,54,3,133.99,0,0.0,69.17
REC0360,Client_I,E-Learning & Education,Instagram,Reel,Lifestyle/Aesthetic,Sunday,Afternoon (12:00-17:00),0.0,1069,766,25,2,1,0,8,0,0.0,381,1724.67,41.48
REC0361,Client_E,Food & Beverage,Facebook,Text,Promotional/Discount,Saturday,Afternoon (12:00-17:00),0.0,307,228,3,0,0,0,3,0,0.0,0,0.0,25.57
REC0362,Client_E,Food & Beverage,Facebook,Video,Behind the Scenes,Thursday,Afternoon (12:00-17:00),0.0,750,508,8,0,0,0,6,0,0.0,276,918.98,28.98
REC0363,Client_J,Travel & Hospitality,Facebook,Reel,Meme/Trending,Thursday,Night (21:00-08:00),203.53,2820,1976,69,10,5,4,56,1,104.6,1488,5565.26,47.78
REC0364,Client_H,Real Estate,LinkedIn,Video,Industry News,Friday,Afternoon (12:00-17:00),102.42,1316,907,11,0,1,0,24,1,300.47,591,2554.13,40.88
REC0365,Client_A,Fashion & Retail,Instagram,Carousel,Lifestyle/Aesthetic,Wednesday,Afternoon (12:00-17:00),25.96,1008,721,33,4,2,1,11,0,0.0,0,0.0,47.99
REC0366,Client_E,Food & Beverage,Instagram,Carousel,Industry News,Monday,Morning (08:00-12:00),500.0,1500,1200,1,0,0,0,0,0,0.0,0,0.0,5.2
REC0367,Client_J,Travel & Hospitality,Facebook,Video,Meme/Trending,Saturday,Night (21:00-08:00),114.32,1606,1107,56,5,3,4,28,0,0.0,722,5762.91,54.78
REC0368,Client_I,E-Learning & Education,Instagram,Reel,Promotional/Discount,Saturday,Night (21:00-08:00),0.0,1130,827,7,0,0,0,18,1,53.83,502,4636.58,32.0
REC0369,Client_E,Food & Beverage,YouTube,Shorts,Behind the Scenes,Thursday,Afternoon (12:00-17:00),0.0,1423,1259,35,4,2,3,13,0,0.0,670,8839.74,38.72
REC0370,Client_H,Real Estate,Facebook,Video,Product Education,Wednesday,Night (21:00-08:00),136.18,1736,1547,13,1,0,1,32,2,645.75,729,2915.34,48.57
REC0371,Client_H,Real Estate,LinkedIn,Image,Meme/Trending,Wednesday,Evening (17:00-21:00),0.0,286,212,5,0,0,0,2,0,0.0,0,0.0,34.1
REC0372,Client_I,E-Learning & Education,Instagram,Image,Industry News,Friday,Afternoon (12:00-17:00),0.0,609,473,11,1,0,0,5,0,0.0,0,0.0,34.71
REC0373,Client_I,E-Learning & Education,Instagram,Video,Lifestyle/Aesthetic,Saturday,Night (21:00-08:00),0.0,1030,712,8,0,0,0,8,0,0.0,446,1729.15,27.4
REC0374,Client_F,Fintech & Finance,LinkedIn,Text,Behind the Scenes,Friday,Night (21:00-08:00),119.54,1299,1143,8,0,0,0,28,0,0.0,0,0.0,25.52
REC0375,Client_A,Fashion & Retail,Instagram,Reel,Behind the Scenes,Thursday,Night (21:00-08:00),36.92,1792,1462,84,12,8,3,16,0,0.0,974,13322.41,59.92
REC0376,Client_E,Food & Beverage,Instagram,Reel,Customer Testimonial,Wednesday,Evening (17:00-21:00),0.0,1397,1167,68,8,3,4,12,0,0.0,566,5081.7,60.69
REC0377,Client_H,Real Estate,LinkedIn,Carousel,Product Education,Wednesday,Afternoon (12:00-17:00),319.96,3075,2392,71,4,4,6,70,4,1181.95,0,0.0,60.74
REC0378,Client_I,E-Learning & Education,Facebook,Text,Lifestyle/Aesthetic,Tuesday,Night (21:00-08:00),0.0,252,223,1,0,0,0,2,0,0.0,0,0.0,22.57
REC0379,Client_F,Fintech & Finance,LinkedIn,Text,Product Education,Tuesday,Evening (17:00-21:00),0.0,331,236,6,0,0,0,2,0,0.0,0,0.0,34.15
REC0380,Client_B,Fashion & Retail,Instagram,Image,Lifestyle/Aesthetic,Saturday,Evening (17:00-21:00),0.0,648,486,31,3,1,2,6,0,0.0,0,0.0,58.33
REC0381,Client_B,Fashion & Retail,Facebook,Video,Lifestyle/Aesthetic,Wednesday,Morning (08:00-12:00),0.0,711,577,8,0,0,0,4,0,0.0,333,2927.04,28.35
REC0382,Client_C,B2B Tech/SaaS,LinkedIn,Video,Behind the Scenes,Thursday,Night (21:00-08:00),0.0,476,317,4,0,0,0,4,0,0.0,216,3143.99,25.35
REC0383,Client_G,Health & Fitness,Instagram,Carousel,Customer Testimonial,Monday,Night (21:00-08:00),0.0,848,610,23,3,1,2,5,0,0.0,0,0.0,44.92
REC0384,Client_B,Fashion & Retail,Instagram,Carousel,Behind the Scenes,Sunday,Night (21:00-08:00),245.92,2810,2417,266,38,25,6,54,1,46.52,0,0.0,65.29
REC0385,Client_G,Health & Fitness,Facebook,Text,Lifestyle/Aesthetic,Monday,Morning (08:00-12:00),0.0,317,212,1,0,0,0,2,0,0.0,0,0.0,22.4
REC0386,Client_D,B2B Tech/SaaS,LinkedIn,Image,Meme/Trending,Wednesday,Morning (08:00-12:00),220.93,2165,1719,105,10,9,7,49,1,151.86,0,0.0,66.15
REC0387,Client_D,B2B Tech/SaaS,LinkedIn,Image,Product Education,Friday,Afternoon (12:00-17:00),0.0,337,250,4,0,0,0,2,0,0.0,0,0.0,28.56
REC0388,Client_A,Fashion & Retail,Instagram,Carousel,Product Education,Saturday,Night (21:00-08:00),0.0,730,545,61,3,5,5,5,0,0.0,0,0.0,58.67
REC0389,Client_I,E-Learning & Education,LinkedIn,Image,Customer Testimonial,Thursday,Afternoon (12:00-17:00),0.0,310,208,7,0,0,0,2,0,0.0,0,0.0,41.5
REC0390,Client_H,Real Estate,Facebook,Image,Industry News,Saturday,Afternoon (12:00-17:00),0.0,373,274,2,0,0,0,3,0,0.0,0,0.0,23.38
REC0391,Client_I,E-Learning & Education,YouTube,Video,Product Education,Tuesday,Night (21:00-08:00),0.0,1147,945,10,1,0,0,8,0,0.0,446,3682.29,28.55
REC0392,Client_I,E-Learning & Education,Instagram,Carousel,Behind the Scenes,Wednesday,Afternoon (12:00-17:00),20.17,1012,748,65,6,5,3,9,0,0.0,0,0.0,59.61
REC0393,Client_A,Fashion & Retail,Instagram,Carousel,Lifestyle/Aesthetic,Thursday,Morning (08:00-12:00),276.36,3401,2655,116,7,6,10,70,1,45.15,0,0.0,51.84
REC0394,Client_A,Fashion & Retail,Instagram,Carousel,Promotional/Discount,Friday,Evening (17:00-21:00),250.63,2858,2060,128,14,11,7,81,5,216.2,0,0.0,73.34
REC0395,Client_H,Real Estate,Facebook,Video,Product Education,Saturday,Afternoon (12:00-17:00),0.0,529,376,4,0,0,0,3,0,0.0,201,2304.32,26.23
REC0396,Client_G,Health & Fitness,LinkedIn,Text,Customer Testimonial,Friday,Evening (17:00-21:00),0.0,376,252,8,0,0,0,2,0,0.0,0,0.0,39.11
REC0397,Client_H,Real Estate,Instagram,Reel,Industry News,Monday,Morning (08:00-12:00),50.8,1669,1444,41,6,3,1,22,0,0.0,770,5121.8,40.41
REC0398,Client_G,Health & Fitness,Instagram,Video,Customer Testimonial,Monday,Afternoon (12:00-17:00),0.0,774,534,14,2,1,1,5,0,0.0,288,3870.81,38.08
REC0399,Client_F,Fintech & Finance,LinkedIn,Carousel,Lifestyle/Aesthetic,Tuesday,Morning (08:00-12:00),0.0,432,335,11,1,1,1,3,0,0.0,0,0.0,41.0
REC0400,Client_J,Travel & Hospitality,Instagram,Carousel,Product Education,Friday,Night (21:00-08:00),54.09,1500,1111,103,13,9,10,21,1,93.59,0,0.0,68.77
REC0401,Client_F,Fintech & Finance,Instagram,Image,Promotional/Discount,Monday,Afternoon (12:00-17:00),50.29,1010,787,25,3,1,2,20,1,124.23,0,0.0,50.2
REC0402,Client_E,Food & Beverage,Instagram,Reel,Meme/Trending,Friday,Night (21:00-08:00),0.0,1491,1028,114,15,5,3,9,0,0.0,645,5409.11,60.55
REC0403,Client_F,Fintech & Finance,Instagram,Carousel,Meme/Trending,Monday,Evening (17:00-21:00),0.0,581,509,21,1,2,2,3,0,0.0,0,0.0,45.14
REC0404,Client_I,E-Learning & Education,Instagram,Carousel,Promotional/Discount,Friday,Evening (17:00-21:00),0.0,658,481,8,1,0,0,10,0,0.0,0,0.0,31.57
REC0405,Client_J,Travel & Hospitality,Instagram,Carousel,Behind the Scenes,Sunday,Evening (17:00-21:00),0.0,1077,837,65,9,5,4,7,0,0.0,0,0.0,59.94
REC0406,Client_B,Fashion & Retail,Instagram,Carousel,Customer Testimonial,Thursday,Night (21:00-08:00),0.0,876,755,37,3,3,1,6,0,0.0,0,0.0,51.47
REC0407,Client_H,Real Estate,Facebook,Video,Lifestyle/Aesthetic,Sunday,Afternoon (12:00-17:00),0.0,815,537,9,1,0,0,6,0,0.0,306,4397.67,30.35
REC0408,Client_J,Travel & Hospitality,LinkedIn,Text,Lifestyle/Aesthetic,Saturday,Morning (08:00-12:00),0.0,299,197,7,0,0,0,2,0,0.0,0,0.0,39.34
REC0409,Client_H,Real Estate,Instagram,Carousel,Promotional/Discount,Saturday,Night (21:00-08:00),0.0,656,509,2,0,0,0,9,0,0.0,0,0.0,22.84
REC0410,Client_G,Health & Fitness,Instagram,Image,Lifestyle/Aesthetic,Saturday,Night (21:00-08:00),0.0,509,379,33,2,2,2,4,0,0.0,0,0.0,57.6
REC0411,Client_I,E-Learning & Education,Instagram,Carousel,Product Education,Saturday,Night (21:00-08:00),0.0,701,577,6,1,0,0,6,0,0.0,0,0.0,27.02
REC0412,Client_I,E-Learning & Education,Instagram,Reel,Meme/Trending,Wednesday,Morning (08:00-12:00),73.72,1579,1032,129,16,11,3,21,1,45.73,835,4791.22,64.39
REC0413,Client_D,B2B Tech/SaaS,LinkedIn,Video,Product Education,Friday,Night (21:00-08:00),0.0,541,435,2,0,0,0,4,0,0.0,288,4308.97,22.0
REC0414,Client_E,Food & Beverage,Facebook,Image,Industry News,Monday,Evening (17:00-21:00),0.0,504,330,3,0,0,0,4,0,0.0,0,0.0,26.03
REC0415,Client_B,Fashion & Retail,Facebook,Video,Lifestyle/Aesthetic,Monday,Afternoon (12:00-17:00),0.0,603,494,8,0,0,0,4,0,0.0,255,2088.26,29.36
REC0416,Client_D,B2B Tech/SaaS,YouTube,Video,Industry News,Monday,Night (21:00-08:00),0.0,1208,1008,9,1,0,0,10,0,0.0,572,3842.79,27.07
REC0417,Client_I,E-Learning & Education,YouTube,Video,Promotional/Discount,Monday,Morning (08:00-12:00),65.57,1779,1447,31,4,1,3,40,2,96.25,795,8720.52,44.61
REC0418,Client_J,Travel & Hospitality,YouTube,Video,Lifestyle/Aesthetic,Friday,Evening (17:00-21:00),184.91,2703,1967,123,8,10,4,50,1,105.69,1261,5030.38,66.11
REC0419,Client_A,Fashion & Retail,Instagram,Carousel,Lifestyle/Aesthetic,Tuesday,Evening (17:00-21:00),0.0,795,621,40,2,3,1,7,0,0.0,0,0.0,59.06
REC0420,Client_C,B2B Tech/SaaS,Instagram,Reel,Promotional/Discount,Tuesday,Night (21:00-08:00),0.0,1382,1073,16,1,1,0,18,1,152.53,624,4256.57,37.5
REC0421,Client_F,Fintech & Finance,LinkedIn,Text,Behind the Scenes,Saturday,Afternoon (12:00-17:00),0.0,134,107,1,0,0,0,1,0,0.0,0,0.0,27.69
REC0422,Client_E,Food & Beverage,Facebook,Image,Behind the Scenes,Friday,Night (21:00-08:00),0.0,237,173,5,0,0,0,1,0,0.0,0,0.0,36.06
REC0423,Client_I,E-Learning & Education,LinkedIn,Text,Customer Testimonial,Wednesday,Morning (08:00-12:00),0.0,316,275,12,1,0,0,2,0,0.0,0,0.0,49.36
REC0424,Client_F,Fintech & Finance,Instagram,Reel,Lifestyle/Aesthetic,Friday,Evening (17:00-21:00),0.0,1101,975,35,4,1,3,9,0,0.0,407,1276.35,42.66
REC0425,Client_I,E-Learning & Education,YouTube,Video,Promotional/Discount,Friday,Afternoon (12:00-17:00),0.0,1019,775,13,1,0,0,15,1,51.62,445,5710.74,37.99
REC0426,Client_G,Health & Fitness,LinkedIn,Text,Industry News,Saturday,Afternoon (12:00-17:00),0.0,273,232,5,0,0,0,2,0,0.0,0,0.0,32.9
REC0427,Client_J,Travel & Hospitality,Facebook,Video,Customer Testimonial,Wednesday,Afternoon (12:00-17:00),0.0,414,346,3,0,0,0,3,0,0.0,157,527.02,24.6
REC0428,Client_J,Travel & Hospitality,YouTube,Video,Promotional/Discount,Friday,Morning (08:00-12:00),0.0,972,657,19,1,1,1,17,1,101.1,406,5904.21,42.88
REC0429,Client_F,Fintech & Finance,Instagram,Carousel,Behind the Scenes,Tuesday,Evening (17:00-21:00),110.26,1912,1304,48,4,4,1,33,1,115.14,0,0.0,51.52
REC0430,Client_D,B2B Tech/SaaS,LinkedIn,Image,Behind the Scenes,Sunday,Morning (08:00-12:00),77.55,1015,772,21,1,1,1,19,0,0.0,0,0.0,36.5
REC0431,Client_J,Travel & Hospitality,Facebook,Image,Promotional/Discount,Saturday,Evening (17:00-21:00),306.67,3008,2220,49,3,2,4,91,7,685.48,0,0.0,57.22
REC0432,Client_F,Fintech & Finance,LinkedIn,Text,Customer Testimonial,Saturday,Evening (17:00-21:00),0.0,373,330,3,0,0,0,2,0,0.0,0,0.0,26.07
REC0433,Client_J,Travel & Hospitality,Instagram,Reel,Promotional/Discount,Monday,Night (21:00-08:00),0.0,1185,880,40,4,2,3,19,1,91.99,557,2479.5,56.15
REC0434,Client_G,Health & Fitness,Instagram,Carousel,Industry News,Wednesday,Evening (17:00-21:00),94.58,1841,1346,51,8,3,3,29,0,0.0,0,0.0,48.44
REC0435,Client_E,Food & Beverage,Instagram,Image,Customer Testimonial,Tuesday,Afternoon (12:00-17:00),0.0,700,481,11,1,0,0,5,0,0.0,0,0.0,34.71
REC0436,Client_G,Health & Fitness,LinkedIn,Text,Promotional/Discount,Monday,Morning (08:00-12:00),184.67,1828,1276,16,2,1,0,56,3,181.95,0,0.0,38.46
REC0437,Client_A,Fashion & Retail,Facebook,Image,Behind the Scenes,Sunday,Afternoon (12:00-17:00),40.39,835,718,15,2,0,0,13,0,0.0,0,0.0,33.46
REC0438,Client_B,Fashion & Retail,Instagram,Carousel,Customer Testimonial,Sunday,Morning (08:00-12:00),0.0,829,579,26,2,2,1,5,0,0.0,0,0.0,47.0
REC0439,Client_D,B2B Tech/SaaS,LinkedIn,Image,Product Education,Saturday,Afternoon (12:00-17:00),0.0,417,358,6,0,0,0,3,0,0.0,0,0.0,29.27
REC0440,Client_A,Fashion & Retail,Instagram,Reel,Behind the Scenes,Monday,Evening (17:00-21:00),24.99,1418,950,50,4,4,4,16,0,0.0,739,8365.91,53.2
REC0441,Client_G,Health & Fitness,LinkedIn,Carousel,Industry News,Sunday,Morning (08:00-12:00),0.0,507,398,7,0,0,0,4,0,0.0,0,0.0,29.92
REC0442,Client_J,Travel & Hospitality,LinkedIn,Image,Industry News,Friday,Evening (17:00-21:00),0.0,345,253,10,1,0,0,3,0,0.0,0,0.0,45.67
REC0443,Client_B,Fashion & Retail,Instagram,Reel,Product Education,Tuesday,Night (21:00-08:00),0.0,846,631,30,2,1,1,5,0,0.0,436,2837.92,48.49
REC0444,Client_A,Fashion & Retail,Instagram,Carousel,Behind the Scenes,Monday,Afternoon (12:00-17:00),0.0,558,494,16,1,1,1,5,0,0.0,0,0.0,40.48
REC0445,Client_I,E-Learning & Education,Instagram,Carousel,Lifestyle/Aesthetic,Tuesday,Night (21:00-08:00),0.0,671,557,14,2,1,0,6,0,0.0,0,0.0,36.46
REC0446,Client_D,B2B Tech/SaaS,LinkedIn,Carousel,Lifestyle/Aesthetic,Thursday,Evening (17:00-21:00),0.0,643,535,15,2,1,1,5,0,0.0,0,0.0,38.26
REC0447,Client_A,Fashion & Retail,Instagram,Image,Meme/Trending,Friday,Evening (17:00-21:00),0.0,548,387,54,4,2,4,4,0,0.0,0,0.0,57.66
REC0448,Client_G,Health & Fitness,Instagram,Reel,Lifestyle/Aesthetic,Monday,Evening (17:00-21:00),0.0,1338,1150,60,4,4,1,12,0,0.0,649,2665.59,54.98
REC0449,Client_C,B2B Tech/SaaS,LinkedIn,Text,Behind the Scenes,Thursday,Morning (08:00-12:00),0.0,292,225,11,1,1,0,1,0,0.0,0,0.0,50.78
REC0450,Client_G,Health & Fitness,LinkedIn,Carousel,Industry News,Monday,Afternoon (12:00-17:00),45.91,902,613,11,1,1,0,14,0,0.0,0,0.0,31.34
REC0451,Client_A,Fashion & Retail,Facebook,Text,Industry News,Sunday,Morning (08:00-12:00),294.51,2866,2077,32,4,1,2,70,2,94.77,0,0.0,37.27
REC0452,Client_H,Real Estate,LinkedIn,Text,Behind the Scenes,Tuesday,Evening (17:00-21:00),0.0,228,201,4,0,0,0,1,0,0.0,0,0.0,31.88
REC0453,Client_F,Fintech & Finance,Facebook,Video,Promotional/Discount,Monday,Evening (17:00-21:00),144.84,1851,1394,10,0,0,1,51,3,349.58,666,2246.21,39.79
REC0454,Client_F,Fintech & Finance,Facebook,Video,Meme/Trending,Monday,Morning (08:00-12:00),96.22,1483,984,17,2,0,1,23,0,0.0,551,5402.22,33.01
REC0455,Client_B,Fashion & Retail,Instagram,Image,Customer Testimonial,Monday,Evening (17:00-21:00),0.0,545,484,23,2,2,1,4,0,0.0,0,0.0,50.89
REC0456,Client_H,Real Estate,Facebook,Image,Behind the Scenes,Sunday,Night (21:00-08:00),0.0,332,219,0,0,0,0,2,0,0.0,0,0.0,18.29
REC0457,Client_J,Travel & Hospitality,Facebook,Image,Industry News,Tuesday,Afternoon (12:00-17:00),0.0,449,389,4,0,0,0,3,0,0.0,0,0.0,24.68
REC0458,Client_F,Fintech & Finance,Instagram,Carousel,Behind the Scenes,Wednesday,Evening (17:00-21:00),0.0,968,735,41,4,2,2,7,0,0.0,0,0.0,54.04
REC0459,Client_F,Fintech & Finance,LinkedIn,Text,Customer Testimonial,Wednesday,Morning (08:00-12:00),94.03,1144,743,42,3,2,1,21,1,131.67,0,0.0,60.27
REC0460,Client_E,Food & Beverage,Instagram,Reel,Lifestyle/Aesthetic,Tuesday,Night (21:00-08:00),0.0,1096,880,43,4,2,3,9,0,0.0,521,7522.64,52.36
REC0461,Client_B,Fashion & Retail,Instagram,Reel,Industry News,Wednesday,Afternoon (12:00-17:00),0.0,1143,855,17,1,1,0,9,0,0.0,607,7928.99,33.86
REC0462,Client_I,E-Learning & Education,LinkedIn,Text,Customer Testimonial,Wednesday,Afternoon (12:00-17:00),0.0,257,222,7,1,0,0,1,0,0.0,0,0.0,41.65
REC0463,Client_E,Food & Beverage,Instagram,Carousel,Industry News,Monday,Evening (17:00-21:00),18.54,730,652,26,2,1,0,8,0,0.0,0,0.0,47.88
REC0464,Client_C,B2B Tech/SaaS,LinkedIn,Carousel,Industry News,Tuesday,Night (21:00-08:00),166.29,2045,1783,12,1,0,0,39,1,139.51,0,0.0,31.88
REC0465,Client_I,E-Learning & Education,Instagram,Image,Industry News,Saturday,Evening (17:00-21:00),0.0,590,421,10,1,0,0,5,0,0.0,0,0.0,34.06
REC0466,Client_C,B2B Tech/SaaS,Instagram,Reel,Meme/Trending,Sunday,Night (21:00-08:00),0.0,45000,40000,5200,450,1200,800,650,12,1800.0,35000,175000.0,94.8
REC0467,Client_D,B2B Tech/SaaS,LinkedIn,Text,Customer Testimonial,Monday,Afternoon (12:00-17:00),0.0,249,213,4,0,0,0,1,0,0.0,0,0.0,29.55
REC0468,Client_F,Fintech & Finance,Facebook,Image,Behind the Scenes,Saturday,Morning (08:00-12:00),33.52,596,412,7,1,0,0,10,0,0.0,0,0.0,31.9
REC0469,Client_J,Travel & Hospitality,Facebook,Video,Promotional/Discount,Sunday,Night (21:00-08:00),0.0,695,614,17,1,1,0,8,0,0.0,300,966.14,39.13
REC0470,Client_F,Fintech & Finance,Instagram,Carousel,Customer Testimonial,Wednesday,Night (21:00-08:00),108.9,1834,1328,27,2,2,2,31,2,262.13,0,0.0,46.61
REC0471,Client_C,B2B Tech/SaaS,LinkedIn,Text,Product Education,Tuesday,Night (21:00-08:00),0.0,228,204,1,0,0,0,1,0,0.0,0,0.0,22.04
REC0472,Client_D,B2B Tech/SaaS,LinkedIn,Text,Promotional/Discount,Saturday,Night (21:00-08:00),0.0,397,303,0,0,0,0,5,0,0.0,0,0.0,20.03
REC0473,Client_E,Food & Beverage,Instagram,Reel,Meme/Trending,Saturday,Evening (17:00-21:00),164.17,2499,2120,215,20,21,12,47,2,47.68,895,10257.38,66.78
REC0474,Client_A,Fashion & Retail,Instagram,Reel,Customer Testimonial,Monday,Night (21:00-08:00),0.0,989,817,46,5,3,2,6,0,0.0,516,2307.31,54.12
REC0475,Client_D,B2B Tech/SaaS,Facebook,Image,Industry News,Monday,Afternoon (12:00-17:00),0.0,356,282,1,0,0,0,3,0,0.0,0,0.0,21.61
REC0476,Client_J,Travel & Hospitality,Instagram,Carousel,Meme/Trending,Wednesday,Morning (08:00-12:00),0.0,849,646,30,3,2,1,6,0,0.0,0,0.0,49.38
REC0477,Client_F,Fintech & Finance,Instagram,Carousel,Customer Testimonial,Thursday,Afternoon (12:00-17:00),97.18,1782,1598,100,7,9,7,26,1,125.82,0,0.0,68.21
REC0478,Client_E,Food & Beverage,LinkedIn,Image,Lifestyle/Aesthetic,Wednesday,Afternoon (12:00-17:00),0.0,249,207,3,0,0,0,2,0,0.0,0,0.0,29.24
REC0479,Client_I,E-Learning & Education,Instagram,Image,Customer Testimonial,Tuesday,Morning (08:00-12:00),0.0,679,544,40,3,3,1,5,0,0.0,0,0.0,58.67
REC0480,Client_J,Travel & Hospitality,YouTube,Video,Industry News,Wednesday,Afternoon (12:00-17:00),462.21,4934,3518,81,11,3,7,113,3,312.72,2106,16484.79,46.13
REC0481,Client_E,Food & Beverage,Instagram,Carousel,Product Education,Monday,Morning (08:00-12:00),77.69,1459,1107,25,3,2,1,21,1,23.94,0,0.0,39.59
REC0482,Client_H,Real Estate,Instagram,Image,Product Education,Sunday,Evening (17:00-21:00),10.27,614,551,9,0,0,0,4,0,0.0,0,0.0,30.27
REC0483,Client_B,Fashion & Retail,Instagram,Carousel,Industry News,Friday,Night (21:00-08:00),0.0,872,649,45,3,2,1,6,0,0.0,0,0.0,59.19
REC0484,Client_H,Real Estate,YouTube,Shorts,Promotional/Discount,Monday,Night (21:00-08:00),0.0,845,611,4,0,0,0,14,0,0.0,356,1605.43,23.9
REC0485,Client_F,Fintech & Finance,LinkedIn,Image,Industry News,Sunday,Morning (08:00-12:00),27.65,483,423,7,0,0,0,8,0,0.0,0,0.0,30.41
REC0486,Client_E,Food & Beverage,Instagram,Reel,Customer Testimonial,Sunday,Evening (17:00-21:00),0.0,1430,1019,79,8,6,2,9,0,0.0,734,2324.86,60.52
REC0487,Client_G,Health & Fitness,Facebook,Video,Product Education,Sunday,Night (21:00-08:00),27.14,846,660,18,1,1,1,9,0,0.0,443,3079.97,37.35
REC0488,Client_B,Fashion & Retail,Facebook,Image,Industry News,Tuesday,Afternoon (12:00-17:00),117.12,1437,1155,13,0,1,1,27,1,42.43,0,0.0,31.11
REC0489,Client_A,Fashion & Retail,Instagram,Image,Customer Testimonial,Sunday,Evening (17:00-21:00),0.0,410,269,19,1,1,1,3,0,0.0,0,0.0,56.59
REC0490,Client_G,Health & Fitness,Instagram,Carousel,Product Education,Saturday,Morning (08:00-12:00),271.71,3074,2570,127,17,8,10,64,5,299.18,0,0.0,66.39
REC0491,Client_B,Fashion & Retail,Instagram,Carousel,Promotional/Discount,Friday,Evening (17:00-21:00),11.88,967,652,36,5,3,2,17,1,43.63,0,0.0,71.6
REC0492,Client_I,E-Learning & Education,LinkedIn,Image,Product Education,Monday,Night (21:00-08:00),0.0,441,358,2,0,0,0,3,0,0.0,0,0.0,22.2
REC0493,Client_B,Fashion & Retail,Instagram,Carousel,Behind the Scenes,Wednesday,Evening (17:00-21:00),0.0,715,522,22,1,2,1,6,0,0.0,0,0.0,46.86
REC0494,Client_C,B2B Tech/SaaS,YouTube,Shorts,Customer Testimonial,Wednesday,Night (21:00-08:00),20.01,1007,723,15,1,0,1,12,0,0.0,523,4229.59,32.69
REC0495,Client_B,Fashion & Retail,Instagram,Carousel,Product Education,Thursday,Evening (17:00-21:00),0.0,883,784,39,3,1,3,6,0,0.0,0,0.0,50.54
REC0496,Client_J,Travel & Hospitality,Instagram,Image,Promotional/Discount,Wednesday,Evening (17:00-21:00),0.0,517,361,11,0,1,1,6,0,0.0,0,0.0,38.25
REC0497,Client_D,B2B Tech/SaaS,LinkedIn,Image,Industry News,Friday,Morning (08:00-12:00),0.0,385,275,4,0,0,0,3,0,0.0,0,0.0,26.83
REC0498,Client_I,E-Learning & Education,YouTube,Shorts,Behind the Scenes,Wednesday,Night (21:00-08:00),0.0,1312,1148,20,2,2,0,10,0,0.0,463,2612.04,33.2
REC0499,Client_B,Fashion & Retail,Instagram,Image,Customer Testimonial,Friday,Afternoon (12:00-17:00),167.51,2063,1342,67,10,6,5,43,2,90.25,0,0.0,60.39
REC0500,Client_J,Travel & Hospitality,Instagram,Reel,Product Education,Friday,Morning (08:00-12:00),0.0,990,749,23,1,2,1,8,0,0.0,483,6010.27,41.61
REC0501,Client_A,Fashion & Retail,Instagram,Reel,Industry News,Monday,Morning (08:00-12:00),0.0,1444,956,20,2,1,1,10,0,0.0,734,8027.26,35.28
REC0502,Client_G,Health & Fitness,LinkedIn,Image,Product Education,Wednesday,Night (21:00-08:00),155.9,1584,1258,25,2,1,2,36,2,127.61,0,0.0,41.47
REC0503,Client_F,Fintech & Finance,Facebook,Text,Meme/Trending,Thursday,Afternoon (12:00-17:00),0.0,345,234,10,1,0,0,2,0,0.0,0,0.0,41.88
REC0504,Client_J,Travel & Hospitality,LinkedIn,Carousel,Industry News,Monday,Morning (08:00-12:00),0.0,400,267,3,0,0,0,3,0,0.0,0,0.0,27.04
REC0505,Client_C,B2B Tech/SaaS,YouTube,Video,Industry News,Tuesday,Night (21:00-08:00),19.53,1385,1206,13,1,1,1,14,0,0.0,719,2239.3,29.31
REC0506,Client_D,B2B Tech/SaaS,LinkedIn,Text,Industry News,Wednesday,Evening (17:00-21:00),0.0,294,239,3,0,0,0,2,0,0.0,0,0.0,25.74
REC0507,Client_I,E-Learning & Education,LinkedIn,Image,Product Education,Sunday,Evening (17:00-21:00),0.0,425,278,3,0,0,0,3,0,0.0,0,0.0,25.09
REC0508,Client_A,Fashion & Retail,Instagram,Video,Customer Testimonial,Wednesday,Night (21:00-08:00),0.0,1264,1012,50,4,2,2,10,0,0.0,465,5404.81,50.79
REC0509,Client_E,Food & Beverage,Instagram,Carousel,Promotional/Discount,Thursday,Afternoon (12:00-17:00),97.18,1740,1302,32,3,3,0,44,3,81.92,0,0.0,44.09
REC0510,Client_C,B2B Tech/SaaS,LinkedIn,Image,Meme/Trending,Tuesday,Afternoon (12:00-17:00),47.48,940,619,36,4,2,1,14,0,0.0,0,0.0,59.05
REC0511,Client_A,Fashion & Retail,Instagram,Carousel,Promotional/Discount,Saturday,Afternoon (12:00-17:00),149.79,1991,1687,57,5,2,3,46,3,132.72,0,0.0,54.22
REC0512,Client_A,Fashion & Retail,YouTube,Shorts,Lifestyle/Aesthetic,Monday,Morning (08:00-12:00),115.3,2245,1497,53,7,2,3,34,1,48.11,1021,11535.33,46.9
REC0513,Client_E,Food & Beverage,YouTube,Shorts,Industry News,Tuesday,Evening (17:00-21:00),0.0,1602,1126,41,4,1,3,12,0,0.0,714,5980.43,44.06
REC0514,Client_H,Real Estate,LinkedIn,Image,Customer Testimonial,Sunday,Afternoon (12:00-17:00),0.0,351,272,4,0,0,0,2,0,0.0,0,0.0,28.04
REC0515,Client_F,Fintech & Finance,Facebook,Image,Meme/Trending,Monday,Afternoon (12:00-17:00),0.0,468,323,6,0,0,0,3,0,0.0,0,0.0,30.32
REC0516,Client_F,Fintech & Finance,Instagram,Carousel,Lifestyle/Aesthetic,Friday,Night (21:00-08:00),0.0,882,648,7,1,0,0,7,0,0.0,0,0.0,27.3
REC0517,Client_C,B2B Tech/SaaS,Instagram,Image,Behind the Scenes,Friday,Night (21:00-08:00),32.74,824,618,9,1,0,0,11,0,0.0,0,0.0,29.6
REC0518,Client_B,Fashion & Retail,Instagram,Reel,Promotional/Discount,Saturday,Afternoon (12:00-17:00),0.0,1107,953,27,3,2,2,15,1,43.58,406,6054.94,45.88
REC0519,Client_H,Real Estate,Instagram,Reel,Behind the Scenes,Wednesday,Night (21:00-08:00),84.5,1739,1308,26,2,2,0,25,1,325.21,625,6176.25,49.87
REC0520,Client_B,Fashion & Retail,Instagram,Image,Behind the Scenes,Thursday,Afternoon (12:00-17:00),117.62,1604,1241,36,5,2,3,29,1,41.44,0,0.0,44.41
REC0521,Client_G,Health & Fitness,Instagram,Reel,Lifestyle/Aesthetic,Saturday,Night (21:00-08:00),188.23,3136,2547,178,27,8,14,48,2,110.7,1157,8094.48,68.44
REC0522,Client_A,Fashion & Retail,YouTube,Shorts,Product Education,Saturday,Evening (17:00-21:00),0.0,1512,1246,73,5,4,6,14,0,0.0,571,3919.9,61.12
REC0523,Client_A,Fashion & Retail,Instagram,Reel,Product Education,Tuesday,Morning (08:00-12:00),13.11,1421,1233,22,1,1,1,10,0,0.0,502,6510.07,32.48
REC0524,Client_A,Fashion & Retail,Instagram,Reel,Product Education,Friday,Evening (17:00-21:00),307.19,3907,3030,246,15,18,21,75,4,177.15,1935,8296.53,71.91
REC0525,Client_F,Fintech & Finance,LinkedIn,Text,Industry News,Monday,Afternoon (12:00-17:00),0.0,329,235,2,0,0,0,2,0,0.0,0,0.0,25.67
REC0526,Client_B,Fashion & Retail,Instagram,Carousel,Promotional/Discount,Tuesday,Afternoon (12:00-17:00),0.0,690,583,10,1,0,1,11,0,0.0,0,0.0,31.56
REC0527,Client_F,Fintech & Finance,LinkedIn,Text,Promotional/Discount,Friday,Evening (17:00-21:00),22.45,551,403,2,0,0,0,11,0,0.0,0,0.0,22.4
REC0528,Client_C,B2B Tech/SaaS,Facebook,Carousel,Product Education,Wednesday,Morning (08:00-12:00),0.0,577,465,15,2,1,0,4,0,0.0,0,0.0,41.52
REC0529,Client_A,Fashion & Retail,Instagram,Reel,Product Education,Monday,Morning (08:00-12:00),0.0,1785,1288,32,2,1,1,11,0,0.0,638,6958.87,38.05
REC0530,Client_C,B2B Tech/SaaS,LinkedIn,Image,Promotional/Discount,Thursday,Evening (17:00-21:00),0.0,419,284,3,0,0,0,5,0,0.0,0,0.0,25.46
REC0531,Client_B,Fashion & Retail,Instagram,Reel,Industry News,Thursday,Afternoon (12:00-17:00),0.0,1154,872,19,2,1,1,8,0,0.0,474,2056.75,34.47
REC0532,Client_F,Fintech & Finance,LinkedIn,Text,Product Education,Friday,Afternoon (12:00-17:00),0.0,228,181,3,0,0,0,1,0,0.0,0,0.0,28.78
REC0533,Client_I,E-Learning & Education,YouTube,Video,Industry News,Friday,Evening (17:00-21:00),0.0,1308,1106,15,1,0,0,10,0,0.0,543,2529.72,29.73
REC0534,Client_F,Fintech & Finance,YouTube,Video,Industry News,Thursday,Afternoon (12:00-17:00),147.97,2471,2109,82,11,5,3,38,1,116.42,1324,16677.29,52.47
REC0535,Client_F,Fintech & Finance,Instagram,Reel,Meme/Trending,Tuesday,Morning (08:00-12:00),0.0,21300,18105,2040,18,135,90,11,0,0.0,750,8722.6,98.5
REC0536,Client_J,Travel & Hospitality,Facebook,Reel,Product Education,Thursday,Morning (08:00-12:00),0.0,636,506,5,0,0,0,5,0,0.0,226,1139.77,26.09
REC0537,Client_F,Fintech & Finance,LinkedIn,Text,Product Education,Friday,Morning (08:00-12:00),0.0,249,201,4,0,0,0,1,0,0.0,0,0.0,31.62
REC0538,Client_B,Fashion & Retail,YouTube,Shorts,Customer Testimonial,Saturday,Night (21:00-08:00),112.94,2282,1682,79,7,5,2,36,2,91.82,1047,10557.69,60.83
REC0539,Client_H,Real Estate,Instagram,Image,Product Education,Sunday,Morning (08:00-12:00),179.12,2236,1860,72,12,7,7,40,3,955.76,0,0.0,74.87
REC0540,Client_F,Fintech & Finance,Instagram,Reel,Promotional/Discount,Wednesday,Afternoon (12:00-17:00),0.0,1182,945,45,6,1,2,19,1,121.99,628,8982.85,57.68
REC0541,Client_C,B2B Tech/SaaS,LinkedIn,Text,Lifestyle/Aesthetic,Wednesday,Evening (17:00-21:00),244.02,2381,1781,71,10,5,4,55,2,285.37,0,0.0,56.54
REC0542,Client_I,E-Learning & Education,LinkedIn,Image,Promotional/Discount,Sunday,Night (21:00-08:00),249.57,2495,1832,7,0,0,0,74,4,189.48,0,0.0,33.94
REC0543,Client_E,Food & Beverage,Instagram,Carousel,Promotional/Discount,Thursday,Evening (17:00-21:00),64.39,1226,871,31,4,1,2,27,2,51.33,0,0.0,51.87
REC0544,Client_A,Fashion & Retail,Instagram,Carousel,Industry News,Friday,Night (21:00-08:00),47.2,1339,945,68,10,7,5,16,0,0.0,0,0.0,60.3
REC0545,Client_D,B2B Tech/SaaS,Facebook,Text,Product Education,Tuesday,Morning (08:00-12:00),0.0,387,290,8,0,0,0,3,0,0.0,0,0.0,36.12
REC0546,Client_F,Fintech & Finance,Facebook,Reel,Promotional/Discount,Monday,Night (21:00-08:00),0.0,682,454,0,0,0,0,9,0,0.0,335,3236.12,19.96
REC0547,Client_J,Travel & Hospitality,LinkedIn,Image,Meme/Trending,Monday,Night (21:00-08:00),0.0,294,256,14,1,0,1,2,0,0.0,0,0.0,52.27
REC0548,Client_H,Real Estate,Instagram,Carousel,Product Education,Wednesday,Evening (17:00-21:00),0.0,599,484,19,1,1,1,4,0,0.0,0,0.0,42.35
REC0549,Client_J,Travel & Hospitality,Instagram,Reel,Product Education,Monday,Morning (08:00-12:00),88.29,1627,1391,36,4,2,2,24,1,93.77,606,5793.45,44.78
REC0550,Client_E,Food & Beverage,Instagram,Carousel,Customer Testimonial,Tuesday,Evening (17:00-21:00),0.0,868,660,24,3,1,2,6,0,0.0,0,0.0,43.29
REC0551,Client_B,Fashion & Retail,Instagram,Image,Customer Testimonial,Wednesday,Morning (08:00-12:00),0.0,668,580,11,0,0,0,6,0,0.0,0,0.0,31.27
REC0552,Client_H,Real Estate,LinkedIn,Image,Customer Testimonial,Saturday,Morning (08:00-12:00),122.15,1312,1128,23,2,1,0,27,1,305.8,0,0.0,46.93
REC0553,Client_I,E-Learning & Education,Facebook,Image,Product Education,Tuesday,Evening (17:00-21:00),0.0,411,294,3,0,0,0,3,0,0.0,0,0.0,26.16
REC0554,Client_E,Food & Beverage,YouTube,Shorts,Behind the Scenes,Thursday,Afternoon (12:00-17:00),397.87,4949,4453,98,12,8,3,93,3,73.29,2439,9351.38,45.08
REC0555,Client_D,B2B Tech/SaaS,Instagram,Reel,Behind the Scenes,Tuesday,Morning (08:00-12:00),246.02,3218,2444,218,15,18,20,59,3,411.83,1552,13003.8,73.89
REC0556,Client_D,B2B Tech/SaaS,LinkedIn,Carousel,Product Education,Saturday,Evening (17:00-21:00),0.0,520,379,4,0,0,0,4,0,0.0,0,0.0,25.35
REC0557,Client_A,Fashion & Retail,Instagram,Image,Meme/Trending,Wednesday,Night (21:00-08:00),11.17,648,434,33,3,2,2,5,0,0.0,0,0.0,58.0
REC0558,Client_E,Food & Beverage,Instagram,Carousel,Customer Testimonial,Sunday,Afternoon (12:00-17:00),119.06,1847,1629,102,11,4,7,30,1,25.22,0,0.0,64.21
REC0559,Client_B,Fashion & Retail,LinkedIn,Text,Customer Testimonial,Thursday,Afternoon (12:00-17:00),0.0,234,166,2,0,0,0,1,0,0.0,0,0.0,26.44
REC0560,Client_B,Fashion & Retail,YouTube,Shorts,Meme/Trending,Tuesday,Afternoon (12:00-17:00),48.7,2044,1636,68,5,3,3,25,0,0.0,876,7005.11,51.82
REC0561,Client_J,Travel & Hospitality,Instagram,Video,Meme/Trending,Monday,Evening (17:00-21:00),65.66,1240,963,82,11,7,5,17,0,0.0,436,3605.95,60.36
REC0562,Client_D,B2B Tech/SaaS,LinkedIn,Carousel,Behind the Scenes,Monday,Evening (17:00-21:00),44.68,747,618,10,0,0,1,11,0,0.0,0,0.0,31.17
REC0563,Client_B,Fashion & Retail,Instagram,Image,Customer Testimonial,Saturday,Night (21:00-08:00),244.82,2563,2139,181,16,11,11,55,3,132.26,0,0.0,69.24
REC0564,Client_I,E-Learning & Education,LinkedIn,Carousel,Lifestyle/Aesthetic,Tuesday,Evening (17:00-21:00),0.0,507,392,12,1,1,0,4,0,0.0,0,0.0,39.69
REC0565,Client_A,Fashion & Retail,Facebook,Image,Behind the Scenes,Monday,Night (21:00-08:00),97.55,1216,1015,20,1,1,1,21,0,0.0,0,0.0,34.26
REC0566,Client_E,Food & Beverage,LinkedIn,Image,Industry News,Sunday,Afternoon (12:00-17:00),423.16,3944,2584,61,6,3,2,92,4,105.65,0,0.0,45.78
REC0567,Client_A,Fashion & Retail,YouTube,Video,Industry News,Sunday,Morning (08:00-12:00),53.01,1521,1202,29,2,2,2,19,0,0.0,544,3625.94,35.96
REC0568,Client_J,Travel & Hospitality,Instagram,Carousel,Promotional/Discount,Saturday,Morning (08:00-12:00),0.0,1058,859,29,3,1,1,16,1,96.51,0,0.0,48.14
REC0569,Client_A,Fashion & Retail,Instagram,Reel,Promotional/Discount,Friday,Evening (17:00-21:00),0.0,984,733,35,5,2,1,16,1,45.47,389,4637.67,55.07
REC0570,Client_A,Fashion & Retail,Facebook,Text,Industry News,Thursday,Night (21:00-08:00),0.0,320,285,5,0,0,0,2,0,0.0,0,0.0,29.75
REC0571,Client_J,Travel & Hospitality,Instagram,Carousel,Industry News,Wednesday,Night (21:00-08:00),158.78,2074,1617,79,6,3,3,39,1,92.62,0,0.0,55.6
REC0572,Client_D,B2B Tech/SaaS,Instagram,Reel,Promotional/Discount,Saturday,Morning (08:00-12:00),0.0,1547,1012,33,4,1,0,26,2,285.92,754,9432.15,54.76
REC0573,Client_I,E-Learning & Education,YouTube,Video,Promotional/Discount,Tuesday,Evening (17:00-21:00),0.0,1100,783,18,1,1,1,13,1,51.57,546,3966.62,42.49
REC0574,Client_H,Real Estate,Facebook,Text,Promotional/Discount,Sunday,Evening (17:00-21:00),0.0,287,199,0,0,0,0,3,0,0.0,0,0.0,20.71
REC0575,Client_E,Food & Beverage,Instagram,Reel,Industry News,Monday,Night (21:00-08:00),171.32,2596,1688,69,10,5,2,45,2,53.69,1393,9652.5,55.25
REC0576,Client_C,B2B Tech/SaaS,Facebook,Text,Lifestyle/Aesthetic,Thursday,Afternoon (12:00-17:00),0.0,401,334,9,1,0,0,3,0,0.0,0,0.0,36.63
REC0577,Client_J,Travel & Hospitality,YouTube,Shorts,Product Education,Wednesday,Afternoon (12:00-17:00),75.31,2198,1801,44,5,4,2,28,2,206.45,949,13043.96,52.43
REC0578,Client_A,Fashion & Retail,Instagram,Reel,Promotional/Discount,Saturday,Morning (08:00-12:00),0.0,1377,1174,35,5,1,2,17,1,48.13,583,5884.3,45.59
REC0579,Client_B,Fashion & Retail,Instagram,Reel,Behind the Scenes,Friday,Night (21:00-08:00),0.0,1187,794,87,8,4,7,9,0,0.0,579,1771.92,59.78
REC0580,Client_E,Food & Beverage,Instagram,Reel,Customer Testimonial,Thursday,Afternoon (12:00-17:00),0.0,1019,814,21,1,1,1,8,0,0.0,431,6134.75,38.75
REC0581,Client_H,Real Estate,Facebook,Video,Meme/Trending,Thursday,Evening (17:00-21:00),62.63,1083,923,26,3,1,2,18,0,0.0,384,2870.82,38.53
REC0582,Client_C,B2B Tech/SaaS,LinkedIn,Video,Lifestyle/Aesthetic,Wednesday,Afternoon (12:00-17:00),0.0,632,469,23,1,2,1,4,0,0.0,267,3709.21,53.88
REC0583,Client_E,Food & Beverage,Instagram,Carousel,Product Education,Tuesday,Evening (17:00-21:00),98.32,1584,1030,40,3,2,3,28,2,54.39,0,0.0,51.93
REC0584,Client_H,Real Estate,Facebook,Image,Promotional/Discount,Sunday,Night (21:00-08:00),57.16,680,529,1,0,0,0,17,1,315.4,0,0.0,43.2
REC0585,Client_E,Food & Beverage,Facebook,Reel,Behind the Scenes,Monday,Evening (17:00-21:00),0.0,729,576,17,1,1,0,4,0,0.0,263,2187.91,38.03
REC0586,Client_D,B2B Tech/SaaS,LinkedIn,Text,Lifestyle/Aesthetic,Sunday,Evening (17:00-21:00),0.0,339,246,3,0,0,0,2,0,0.0,0,0.0,24.53
REC0587,Client_I,E-Learning & Education,LinkedIn,Video,Meme/Trending,Friday,Afternoon (12:00-17:00),302.43,2969,2207,59,4,4,3,72,1,51.44,1492,18073.85,43.15
REC0588,Client_F,Fintech & Finance,Facebook,Reel,Customer Testimonial,Tuesday,Evening (17:00-21:00),0.0,1012,766,10,1,0,0,8,0,0.0,496,3149.11,27.62
REC0589,Client_F,Fintech & Finance,LinkedIn,Text,Customer Testimonial,Tuesday,Morning (08:00-12:00),0.0,333,288,11,1,0,0,2,0,0.0,0,0.0,43.48
REC0590,Client_C,B2B Tech/SaaS,Instagram,Reel,Product Education,Friday,Night (21:00-08:00),0.0,1432,979,5,0,0,0,11,0,0.0,675,7717.61,24.2
REC0591,Client_F,Fintech & Finance,Facebook,Text,Customer Testimonial,Sunday,Evening (17:00-21:00),0.0,349,253,2,0,0,0,2,0,0.0,0,0.0,23.63
REC0592,Client_I,E-Learning & Education,Instagram,Reel,Meme/Trending,Saturday,Afternoon (12:00-17:00),0.0,1063,892,52,4,2,3,9,0,0.0,497,5789.95,60.13
REC0593,Client_A,Fashion & Retail,Instagram,Carousel,Meme/Trending,Tuesday,Night (21:00-08:00),0.0,957,675,45,5,2,1,6,0,0.0,0,0.0,59.3
REC0594,Client_I,E-Learning & Education,Instagram,Image,Behind the Scenes,Saturday,Evening (17:00-21:00),220.54,2509,1676,50,5,4,3,54,3,141.97,0,0.0,47.17
REC0595,Client_I,E-Learning & Education,LinkedIn,Image,Promotional/Discount,Thursday,Morning (08:00-12:00),167.08,1874,1233,53,8,3,4,56,4,200.77,0,0.0,60.24
REC0596,Client_I,E-Learning & Education,Facebook,Video,Meme/Trending,Sunday,Morning (08:00-12:00),18.19,713,504,14,2,1,1,7,0,0.0,380,1712.79,38.46
REC0597,Client_D,B2B Tech/SaaS,LinkedIn,Text,Lifestyle/Aesthetic,Monday,Afternoon (12:00-17:00),48.72,563,487,9,1,0,0,11,0,0.0,0,0.0,31.48
REC0598,Client_A,Fashion & Retail,Instagram,Reel,Promotional/Discount,Wednesday,Evening (17:00-21:00),12.03,1023,670,21,2,0,1,17,1,46.5,408,4732.25,56.32
REC0599,Client_C,B2B Tech/SaaS,LinkedIn,Carousel,Industry News,Thursday,Morning (08:00-12:00),0.0,563,433,17,2,1,1,5,0,0.0,0,0.0,45.65
REC0600,Client_E,Food & Beverage,Instagram,Reel,Meme/Trending,Sunday,Afternoon (12:00-17:00),0.0,1207,997,79,6,4,4,9,0,0.0,615,6129.97,60.46
REC0601,Client_C,B2B Tech/SaaS,LinkedIn,Text,Product Education,Wednesday,Evening (17:00-21:00),0.0,273,199,2,0,0,0,2,0,0.0,0,0.0,27.82
REC0602,Client_A,Fashion & Retail,YouTube,Shorts,Behind the Scenes,Thursday,Morning (08:00-12:00),142.97,2720,1825,47,5,3,4,45,0,0.0,1168,7851.02,38.58
REC0603,Client_J,Travel & Hospitality,Facebook,Text,Product Education,Wednesday,Night (21:00-08:00),0.0,383,283,5,0,0,0,3,0,0.0,0,0.0,30.28
REC0604,Client_E,Food & Beverage,Instagram,Video,Lifestyle/Aesthetic,Saturday,Evening (17:00-21:00),0.0,870,778,95,8,3,8,8,0,0.0,478,2917.24,59.72
REC0605,Client_I,E-Learning & Education,YouTube,Video,Meme/Trending,Friday,Afternoon (12:00-17:00),0.0,1148,801,30,4,2,2,7,0,0.0,585,3536.66,44.99
REC0606,Client_A,Fashion & Retail,Facebook,Reel,Behind the Scenes,Tuesday,Morning (08:00-12:00),111.4,1802,1432,17,2,0,1,28,1,43.65,940,4247.42,33.49
REC0607,Client_I,E-Learning & Education,Instagram,Reel,Product Education,Tuesday,Night (21:00-08:00),0.0,1208,932,21,2,0,1,9,0,0.0,513,2156.86,34.8
REC0608,Client_D,B2B Tech/SaaS,LinkedIn,Text,Customer Testimonial,Sunday,Evening (17:00-21:00),0.0,256,204,3,0,0,0,2,0,0.0,0,0.0,26.56
REC0609,Client_B,Fashion & Retail,Instagram,Reel,Promotional/Discount,Tuesday,Morning (08:00-12:00),0.0,1028,757,18,2,0,1,15,0,0.0,526,4548.04,37.14
REC0610,Client_D,B2B Tech/SaaS,LinkedIn,Text,Product Education,Monday,Afternoon (12:00-17:00),35.95,561,447,7,0,0,0,9,0,0.0,0,0.0,28.4
REC0611,Client_D,B2B Tech/SaaS,LinkedIn,Text,Meme/Trending,Sunday,Night (21:00-08:00),0.0,268,214,1,0,0,0,2,0,0.0,0,0.0,21.62
REC0612,Client_D,B2B Tech/SaaS,Facebook,Reel,Lifestyle/Aesthetic,Wednesday,Morning (08:00-12:00),0.0,600,465,14,1,1,1,5,0,0.0,295,2280.67,38.69
REC0613,Client_H,Real Estate,YouTube,Video,Lifestyle/Aesthetic,Tuesday,Night (21:00-08:00),0.0,1017,725,17,1,1,1,8,0,0.0,388,2881.52,35.75
REC0614,Client_H,Real Estate,LinkedIn,Carousel,Behind the Scenes,Saturday,Afternoon (12:00-17:00),0.0,494,346,7,1,0,0,4,0,0.0,0,0.0,33.05
REC0615,Client_G,Health & Fitness,Facebook,Image,Lifestyle/Aesthetic,Monday,Evening (17:00-21:00),281.1,2799,1918,46,6,3,4,62,2,125.93,0,0.0,44.34
REC0616,Client_F,Fintech & Finance,LinkedIn,Image,Product Education,Thursday,Evening (17:00-21:00),123.84,1441,1167,26,2,2,1,30,2,231.85,0,0.0,47.38
REC0617,Client_E,Food & Beverage,Instagram,Carousel,Promotional/Discount,Friday,Afternoon (12:00-17:00),0.0,810,616,24,3,0,1,13,0,0.0,0,0.0,44.04
REC0618,Client_F,Fintech & Finance,LinkedIn,Text,Customer Testimonial,Tuesday,Morning (08:00-12:00),0.0,301,200,8,0,0,0,2,0,0.0,0,0.0,47.66
REC0619,Client_G,Health & Fitness,LinkedIn,Text,Lifestyle/Aesthetic,Sunday,Evening (17:00-21:00),500.0,1500,1200,1,0,0,0,0,0,0.0,0,0.0,5.2
REC0620,Client_I,E-Learning & Education,Facebook,Carousel,Meme/Trending,Friday,Night (21:00-08:00),53.46,925,645,2,0,0,0,16,0,0.0,0,0.0,22.46
REC0621,Client_G,Health & Fitness,YouTube,Video,Promotional/Discount,Friday,Morning (08:00-12:00),21.7,1248,854,23,2,1,1,24,1,60.57,588,2406.56,49.5
REC0622,Client_D,B2B Tech/SaaS,LinkedIn,Image,Product Education,Saturday,Morning (08:00-12:00),0.0,266,216,4,0,0,0,2,0,0.0,0,0.0,29.68
REC0623,Client_D,B2B Tech/SaaS,LinkedIn,Image,Promotional/Discount,Tuesday,Morning (08:00-12:00),0.0,326,244,7,1,0,0,5,0,0.0,0,0.0,38.33
REC0624,Client_E,Food & Beverage,LinkedIn,Carousel,Product Education,Monday,Afternoon (12:00-17:00),0.0,386,306,5,0,0,0,2,0,0.0,0,0.0,29.98
REC0625,Client_B,Fashion & Retail,YouTube,Video,Meme/Trending,Wednesday,Afternoon (12:00-17:00),0.0,678,599,27,3,1,1,5,0,0.0,297,2990.0,49.47
REC0626,Client_I,E-Learning & Education,Facebook,Image,Lifestyle/Aesthetic,Monday,Afternoon (12:00-17:00),369.35,3493,2428,30,4,3,2,79,2,99.52,0,0.0,36.19
REC0627,Client_G,Health & Fitness,Instagram,Reel,Lifestyle/Aesthetic,Tuesday,Afternoon (12:00-17:00),291.33,3815,3317,106,7,10,4,69,1,54.6,1536,5806.18,48.95
REC0628,Client_E,Food & Beverage,Facebook,Video,Customer Testimonial,Monday,Night (21:00-08:00),131.46,1746,1467,33,2,1,1,30,1,25.89,691,6293.66,37.59
REC0629,Client_J,Travel & Hospitality,Instagram,Reel,Industry News,Thursday,Evening (17:00-21:00),0.0,1299,962,32,4,2,1,9,0,0.0,513,2740.49,41.09
REC0630,Client_D,B2B Tech/SaaS,Instagram,Reel,Industry News,Wednesday,Afternoon (12:00-17:00),0.0,1168,763,43,5,3,3,8,0,0.0,584,4128.33,57.07
REC0631,Client_A,Fashion & Retail,Instagram,Reel,Product Education,Friday,Morning (08:00-12:00),0.0,1458,1076,56,6,3,4,11,0,0.0,511,3378.47,54.92
REC0632,Client_D,B2B Tech/SaaS,LinkedIn,Image,Meme/Trending,Tuesday,Night (21:00-08:00),0.0,282,230,3,0,0,0,2,0,0.0,0,0.0,26.59
REC0633,Client_H,Real Estate,Instagram,Image,Product Education,Tuesday,Afternoon (12:00-17:00),12.81,815,613,40,6,3,3,6,0,0.0,0,0.0,59.02
REC0634,Client_C,B2B Tech/SaaS,LinkedIn,Text,Behind the Scenes,Monday,Evening (17:00-21:00),54.08,747,514,8,1,0,0,13,0,0.0,0,0.0,29.31
REC0635,Client_J,Travel & Hospitality,LinkedIn,Image,Customer Testimonial,Friday,Morning (08:00-12:00),532.23,4877,4141,112,14,7,10,110,7,741.87,0,0.0,59.67
REC0636,Client_A,Fashion & Retail,Instagram,Image,Promotional/Discount,Sunday,Evening (17:00-21:00),0.0,345,278,15,1,1,1,4,0,0.0,0,0.0,51.88
REC0637,Client_B,Fashion & Retail,Instagram,Image,Product Education,Tuesday,Night (21:00-08:00),0.0,538,436,20,2,1,1,5,0,0.0,0,0.0,47.09
REC0638,Client_C,B2B Tech/SaaS,LinkedIn,Text,Lifestyle/Aesthetic,Saturday,Night (21:00-08:00),95.86,987,693,6,0,0,0,22,0,0.0,0,0.0,25.86
REC0639,Client_B,Fashion & Retail,Facebook,Video,Promotional/Discount,Monday,Morning (08:00-12:00),46.49,953,742,5,0,0,0,19,1,44.23,494,2845.44,29.47
REC0640,Client_H,Real Estate,Instagram,Carousel,Customer Testimonial,Thursday,Night (21:00-08:00),112.53,1526,1265,31,2,1,2,26,2,590.43,0,0.0,59.7
REC0641,Client_F,Fintech & Finance,Instagram,Carousel,Promotional/Discount,Sunday,Evening (17:00-21:00),233.85,2581,2261,35,2,1,2,76,4,462.72,0,0.0,47.02
REC0642,Client_A,Fashion & Retail,YouTube,Shorts,Customer Testimonial,Wednesday,Afternoon (12:00-17:00),1213.93,11693,8253,179,28,18,11,283,20,963.53,4829,44832.77,59.97
REC0643,Client_D,B2B Tech/SaaS,Facebook,Reel,Lifestyle/Aesthetic,Tuesday,Afternoon (12:00-17:00),0.0,643,480,15,1,1,1,5,0,0.0,283,2782.46,38.45
REC0644,Client_F,Fintech & Finance,Facebook,Video,Promotional/Discount,Friday,Afternoon (12:00-17:00),46.09,1033,842,8,1,0,0,20,1,124.77,414,4044.37,38.51
REC0645,Client_C,B2B Tech/SaaS,Facebook,Video,Customer Testimonial,Sunday,Evening (17:00-21:00),455.38,4564,3737,36,4,3,3,100,8,1301.78,2209,31313.02,53.55
REC0646,Client_J,Travel & Hospitality,Instagram,Reel,Meme/Trending,Sunday,Night (21:00-08:00),0.0,568,449,46,5,4,1,4,0,0.0,281,3536.46,58.1
REC0647,Client_F,Fintech & Finance,LinkedIn,Text,Promotional/Discount,Wednesday,Afternoon (12:00-17:00),0.0,303,250,6,0,0,0,4,0,0.0,0,0.0,34.09
REC0648,Client_A,Fashion & Retail,Facebook,Image,Behind the Scenes,Tuesday,Afternoon (12:00-17:00),0.0,469,315,4,0,0,0,3,0,0.0,0,0.0,27.36
REC0649,Client_A,Fashion & Retail,Instagram,Reel,Customer Testimonial,Tuesday,Afternoon (12:00-17:00),0.0,1555,1095,34,2,2,2,11,0,0.0,783,3337.85,42.79
REC0650,Client_G,Health & Fitness,Facebook,Reel,Product Education,Thursday,Morning (08:00-12:00),0.0,826,734,5,0,0,0,5,0,0.0,449,3064.02,24.86
REC0651,Client_C,B2B Tech/SaaS,LinkedIn,Image,Behind the Scenes,Monday,Night (21:00-08:00),0.0,467,405,1,0,0,0,4,0,0.0,0,0.0,21.49
REC0652,Client_C,B2B Tech/SaaS,Instagram,Reel,Lifestyle/Aesthetic,Monday,Morning (08:00-12:00),0.0,636,551,29,4,2,1,4,0,0.0,268,3332.1,51.72
REC0653,Client_F,Fintech & Finance,YouTube,Video,Lifestyle/Aesthetic,Friday,Evening (17:00-21:00),0.0,650,562,12,0,0,0,5,0,0.0,350,1804.46,32.4
REC0654,Client_D,B2B Tech/SaaS,LinkedIn,Image,Meme/Trending,Saturday,Night (21:00-08:00),113.53,1376,971,7,0,0,0,26,0,0.0,0,0.0,25.56
REC0655,Client_J,Travel & Hospitality,LinkedIn,Text,Lifestyle/Aesthetic,Friday,Morning (08:00-12:00),203.0,2094,1879,63,8,3,5,47,1,94.13,0,0.0,49.36
REC0656,Client_E,Food & Beverage,Instagram,Image,Meme/Trending,Thursday,Morning (08:00-12:00),110.43,1701,1426,52,7,4,2,27,0,0.0,0,0.0,43.63
REC0657,Client_D,B2B Tech/SaaS,Instagram,Carousel,Meme/Trending,Friday,Evening (17:00-21:00),18.09,1034,746,25,1,1,2,9,0,0.0,0,0.0,42.97
REC0658,Client_F,Fintech & Finance,LinkedIn,Text,Behind the Scenes,Wednesday,Morning (08:00-12:00),0.0,290,190,10,1,0,0,1,0,0.0,0,0.0,54.34
REC0659,Client_C,B2B Tech/SaaS,LinkedIn,Image,Lifestyle/Aesthetic,Wednesday,Morning (08:00-12:00),77.2,1017,843,58,7,3,5,17,0,0.0,0,0.0,59.96
REC0660,Client_E,Food & Beverage,Instagram,Reel,Customer Testimonial,Thursday,Evening (17:00-21:00),0.0,1314,1075,49,7,2,1,8,0,0.0,496,3273.78,52.46
REC0661,Client_G,Health & Fitness,Instagram,Carousel,Meme/Trending,Saturday,Afternoon (12:00-17:00),52.22,1192,1057,84,9,7,6,15,0,0.0,0,0.0,60.63
REC0662,Client_G,Health & Fitness,Instagram,Carousel,Product Education,Monday,Evening (17:00-21:00),0.0,733,512,17,1,0,0,6,0,0.0,0,0.0,40.23
REC0663,Client_E,Food & Beverage,Facebook,Text,Industry News,Tuesday,Evening (17:00-21:00),0.0,348,265,4,0,0,0,2,0,0.0,0,0.0,28.5
REC0664,Client_B,Fashion & Retail,Instagram,Image,Product Education,Saturday,Afternoon (12:00-17:00),279.36,2893,2289,111,9,10,6,63,3,131.84,0,0.0,61.91
REC0665,Client_D,B2B Tech/SaaS,LinkedIn,Image,Promotional/Discount,Saturday,Morning (08:00-12:00),307.81,3008,2556,33,2,3,2,92,7,1035.06,0,0.0,55.39
REC0666,Client_F,Fintech & Finance,Facebook,Reel,Lifestyle/Aesthetic,Monday,Afternoon (12:00-17:00),0.0,890,786,11,1,0,1,6,0,0.0,352,1898.05,29.43
REC0667,Client_B,Fashion & Retail,Instagram,Carousel,Lifestyle/Aesthetic,Wednesday,Afternoon (12:00-17:00),108.5,1699,1109,39,5,3,3,28,1,46.69,0,0.0,49.13
REC0668,Client_D,B2B Tech/SaaS,LinkedIn,Carousel,Meme/Trending,Tuesday,Morning (08:00-12:00),0.0,479,334,28,3,1,0,3,0,0.0,0,0.0,57.22
REC0669,Client_A,Fashion & Retail,Instagram,Reel,Product Education,Wednesday,Evening (17:00-21:00),0.0,1602,1145,54,5,4,2,10,0,0.0,712,3783.3,49.64
REC0670,Client_D,B2B Tech/SaaS,LinkedIn,Image,Product Education,Monday,Morning (08:00-12:00),0.0,398,347,8,0,0,0,3,0,0.0,0,0.0,32.02
REC0671,Client_G,Health & Fitness,LinkedIn,Image,Industry News,Tuesday,Morning (08:00-12:00),58.77,683,554,8,0,0,0,12,0,0.0,0,0.0,29.08
REC0672,Client_I,E-Learning & Education,Instagram,Reel,Industry News,Sunday,Morning (08:00-12:00),0.0,1298,862,25,4,1,2,9,0,0.0,535,6926.52,40.86
REC0673,Client_D,B2B Tech/SaaS,LinkedIn,Text,Customer Testimonial,Sunday,Night (21:00-08:00),0.0,226,189,0,0,0,0,2,0,0.0,0,0.0,19.0
REC0674,Client_C,B2B Tech/SaaS,LinkedIn,Image,Industry News,Monday,Morning (08:00-12:00),0.0,277,217,4,0,0,0,2,0,0.0,0,0.0,31.72
REC0675,Client_F,Fintech & Finance,LinkedIn,Text,Lifestyle/Aesthetic,Thursday,Evening (17:00-21:00),32.81,597,490,14,1,0,1,9,0,0.0,0,0.0,40.0
REC0676,Client_A,Fashion & Retail,Instagram,Image,Lifestyle/Aesthetic,Friday,Afternoon (12:00-17:00),48.11,1151,905,46,4,2,1,14,0,0.0,0,0.0,51.74
REC0677,Client_I,E-Learning & Education,LinkedIn,Video,Lifestyle/Aesthetic,Tuesday,Morning (08:00-12:00),0.0,599,458,27,2,1,1,4,0,0.0,250,1118.52,56.26
REC0678,Client_F,Fintech & Finance,Instagram,Image,Behind the Scenes,Wednesday,Morning (08:00-12:00),0.0,626,450,35,2,2,3,4,0,0.0,0,0.0,58.11
REC0679,Client_D,B2B Tech/SaaS,LinkedIn,Text,Behind the Scenes,Saturday,Afternoon (12:00-17:00),0.0,324,264,6,0,0,0,2,0,0.0,0,0.0,33.24
REC0680,Client_A,Fashion & Retail,Facebook,Text,Customer Testimonial,Tuesday,Afternoon (12:00-17:00),46.32,647,555,9,1,0,0,10,0,0.0,0,0.0,29.12
REC0681,Client_E,Food & Beverage,Facebook,Carousel,Behind the Scenes,Friday,Afternoon (12:00-17:00),0.0,503,442,8,1,0,0,3,0,0.0,0,0.0,32.49
REC0682,Client_G,Health & Fitness,Instagram,Carousel,Promotional/Discount,Tuesday,Night (21:00-08:00),0.0,866,632,24,3,2,1,12,1,63.85,0,0.0,51.93
REC0683,Client_H,Real Estate,YouTube,Shorts,Behind the Scenes,Sunday,Evening (17:00-21:00),87.37,2241,1498,21,3,1,2,34,1,287.93,1169,17515.52,45.25
REC0684,Client_J,Travel & Hospitality,Facebook,Text,Behind the Scenes,Saturday,Evening (17:00-21:00),0.0,236,163,3,0,0,0,2,0,0.0,0,0.0,30.53
REC0685,Client_E,Food & Beverage,YouTube,Video,Behind the Scenes,Thursday,Morning (08:00-12:00),98.84,1746,1259,36,4,1,1,25,0,0.0,803,6919.73,38.8
REC0686,Client_G,Health & Fitness,Instagram,Carousel,Meme/Trending,Saturday,Afternoon (12:00-17:00),145.36,2001,1399,98,12,8,6,35,1,55.62,0,0.0,64.4
REC0687,Client_E,Food & Beverage,Instagram,Carousel,Behind the Scenes,Tuesday,Morning (08:00-12:00),0.0,814,582,20,2,1,1,7,0,0.0,0,0.0,43.17
REC0688,Client_D,B2B Tech/SaaS,LinkedIn,Carousel,Lifestyle/Aesthetic,Sunday,Evening (17:00-21:00),0.0,317,284,4,0,0,0,2,0,0.0,0,0.0,28.99
REC0689,Client_D,B2B Tech/SaaS,LinkedIn,Text,Product Education,Monday,Night (21:00-08:00),0.0,377,255,1,0,0,0,2,0,0.0,0,0.0,20.69
REC0690,Client_A,Fashion & Retail,Instagram,Reel,Behind the Scenes,Saturday,Afternoon (12:00-17:00),659.09,6642,5223,296,34,16,19,155,7,325.49,3481,46789.05,72.06
REC0691,Client_I,E-Learning & Education,Facebook,Image,Lifestyle/Aesthetic,Wednesday,Evening (17:00-21:00),0.0,512,341,6,0,0,0,3,0,0.0,0,0.0,30.19
REC0692,Client_F,Fintech & Finance,Instagram,Reel,Industry News,Thursday,Evening (17:00-21:00),514.96,5472,4262,141,11,12,6,128,5,592.36,2779,35612.82,57.75
REC0693,Client_E,Food & Beverage,Instagram,Carousel,Lifestyle/Aesthetic,Sunday,Afternoon (12:00-17:00),100.79,1722,1515,102,7,7,8,26,0,0.0,0,0.0,61.7
REC0694,Client_A,Fashion & Retail,Facebook,Text,Meme/Trending,Wednesday,Night (21:00-08:00),535.44,4901,4354,105,13,6,6,123,3,138.41,0,0.0,44.8
REC0695,Client_A,Fashion & Retail,Instagram,Reel,Industry News,Monday,Night (21:00-08:00),0.0,1487,1236,60,7,3,3,11,0,0.0,566,7718.73,51.83
REC0696,Client_A,Fashion & Retail,Instagram,Image,Product Education,Thursday,Night (21:00-08:00),10.02,621,441,21,2,1,1,5,0,0.0,0,0.0,51.5
REC0697,Client_A,Fashion & Retail,Instagram,Carousel,Promotional/Discount,Thursday,Evening (17:00-21:00),0.0,1016,852,26,2,1,0,17,1,42.33,0,0.0,45.81
REC0698,Client_J,Travel & Hospitality,Instagram,Image,Industry News,Sunday,Night (21:00-08:00),208.86,2253,1564,119,16,8,6,51,2,200.72,0,0.0,68.39
REC0699,Client_I,E-Learning & Education,LinkedIn,Image,Meme/Trending,Friday,Afternoon (12:00-17:00),231.54,2436,2125,71,5,3,3,55,1,46.73,0,0.0,45.08
REC0700,Client_H,Real Estate,Facebook,Reel,Industry News,Wednesday,Night (21:00-08:00),289.04,3191,2144,17,1,0,0,64,2,647.77,1622,15503.39,39.45
REC0701,Client_H,Real Estate,Instagram,Reel,Product Education,Tuesday,Afternoon (12:00-17:00),0.0,1427,1081,54,3,4,4,12,0,0.0,662,5175.65,54.34
REC0702,Client_G,Health & Fitness,Instagram,Image,Meme/Trending,Thursday,Night (21:00-08:00),183.18,2211,1661,142,23,16,10,41,1,64.71,0,0.0,64.79
REC0703,Client_C,B2B Tech/SaaS,LinkedIn,Carousel,Customer Testimonial,Monday,Morning (08:00-12:00),0.0,442,395,11,1,1,0,3,0,0.0,0,0.0,36.49
REC0704,Client_J,Travel & Hospitality,YouTube,Video,Meme/Trending,Tuesday,Night (21:00-08:00),0.0,1039,691,51,5,3,2,8,0,0.0,476,6436.55,59.37
REC0705,Client_C,B2B Tech/SaaS,LinkedIn,Image,Meme/Trending,Tuesday,Night (21:00-08:00),289.08,2915,1964,37,5,3,1,64,2,309.02,0,0.0,42.03
REC0706,Client_J,Travel & Hospitality,Facebook,Video,Lifestyle/Aesthetic,Wednesday,Night (21:00-08:00),0.0,618,548,12,1,0,1,4,0,0.0,323,2221.12,32.71
REC0707,Client_B,Fashion & Retail,Instagram,Carousel,Meme/Trending,Wednesday,Morning (08:00-12:00),0.0,751,591,24,3,2,2,4,0,0.0,0,0.0,48.89
REC0708,Client_C,B2B Tech/SaaS,Instagram,Carousel,Industry News,Saturday,Morning (08:00-12:00),52.06,1055,732,28,3,2,1,14,0,0.0,0,0.0,43.05
REC0709,Client_C,B2B Tech/SaaS,LinkedIn,Image,Lifestyle/Aesthetic,Monday,Evening (17:00-21:00),0.0,348,289,4,0,0,0,2,0,0.0,0,0.0,27.69
REC0710,Client_D,B2B Tech/SaaS,LinkedIn,Text,Lifestyle/Aesthetic,Monday,Evening (17:00-21:00),119.46,1316,1045,12,1,1,0,26,1,160.07,0,0.0,35.68
REC0711,Client_J,Travel & Hospitality,YouTube,Shorts,Product Education,Friday,Afternoon (12:00-17:00),0.0,1036,796,32,2,1,1,7,0,0.0,391,4332.55,45.98
REC0712,Client_H,Real Estate,Instagram,Image,Meme/Trending,Sunday,Afternoon (12:00-17:00),0.0,409,362,21,3,1,1,2,0,0.0,0,0.0,57.46
REC0713,Client_B,Fashion & Retail,Instagram,Reel,Lifestyle/Aesthetic,Monday,Afternoon (12:00-17:00),92.91,2055,1751,43,6,3,3,29,1,48.81,981,12605.25,41.32
REC0714,Client_I,E-Learning & Education,LinkedIn,Text,Behind the Scenes,Saturday,Morning (08:00-12:00),514.59,4650,4096,143,14,6,10,121,6,321.71,0,0.0,56.81
REC0715,Client_I,E-Learning & Education,LinkedIn,Text,Promotional/Discount,Monday,Evening (17:00-21:00),155.67,1660,1283,12,0,1,0,46,2,99.33,0,0.0,33.39
REC0716,Client_A,Fashion & Retail,Instagram,Reel,Meme/Trending,Thursday,Morning (08:00-12:00),294.78,3439,2386,92,6,3,6,72,2,94.72,1230,17504.96,53.29
REC0717,Client_I,E-Learning & Education,Instagram,Reel,Lifestyle/Aesthetic,Monday,Evening (17:00-21:00),0.0,948,705,19,2,1,1,8,0,0.0,451,2663.18,39.3
REC0718,Client_C,B2B Tech/SaaS,Instagram,Reel,Promotional/Discount,Monday,Morning (08:00-12:00),245.03,3476,2405,99,14,3,2,96,7,1074.77,1873,20148.17,75.23
REC0719,Client_B,Fashion & Retail,YouTube,Video,Lifestyle/Aesthetic,Thursday,Evening (17:00-21:00),146.65,2172,1617,89,8,6,7,36,2,93.64,975,7966.77,60.95
REC0720,Client_H,Real Estate,Instagram,Carousel,Lifestyle/Aesthetic,Sunday,Evening (17:00-21:00),0.0,745,578,18,1,1,1,6,0,0.0,0,0.0,38.26
REC0721,Client_E,Food & Beverage,Instagram,Image,Meme/Trending,Friday,Afternoon (12:00-17:00),536.27,5207,3567,286,23,25,24,115,6,140.84,0,0.0,74.22
REC0722,Client_G,Health & Fitness,Instagram,Image,Lifestyle/Aesthetic,Thursday,Morning (08:00-12:00),26.74,827,701,17,2,1,0,11,0,0.0,0,0.0,36.96
REC0723,Client_E,Food & Beverage,Instagram,Image,Meme/Trending,Wednesday,Morning (08:00-12:00),128.8,1694,1267,61,8,4,5,32,0,0.0,0,0.0,52.73
REC0724,Client_I,E-Learning & Education,Facebook,Image,Product Education,Monday,Morning (08:00-12:00),285.72,2819,2093,27,4,2,0,66,4,216.03,0,0.0,40.48
REC0725,Client_G,Health & Fitness,Facebook,Image,Meme/Trending,Saturday,Afternoon (12:00-17:00),0.0,447,340,10,0,0,0,3,0,0.0,0,0.0,35.6
REC0726,Client_H,Real Estate,Instagram,Carousel,Behind the Scenes,Friday,Morning (08:00-12:00),0.0,560,503,18,1,1,2,5,0,0.0,0,0.0,45.18
REC0727,Client_D,B2B Tech/SaaS,LinkedIn,Text,Product Education,Wednesday,Night (21:00-08:00),137.69,1420,1270,17,1,1,1,32,2,305.62,0,0.0,41.75
REC0728,Client_J,Travel & Hospitality,YouTube,Shorts,Meme/Trending,Tuesday,Morning (08:00-12:00),0.0,899,798,30,2,1,1,8,0,0.0,356,1585.5,44.3
REC0729,Client_J,Travel & Hospitality,LinkedIn,Carousel,Industry News,Sunday,Night (21:00-08:00),324.16,3163,2174,99,11,6,5,69,3,329.41,0,0.0,62.15
REC0730,Client_F,Fintech & Finance,Facebook,Video,Behind the Scenes,Saturday,Morning (08:00-12:00),130.22,1875,1537,29,2,2,1,32,1,114.53,689,8930.59,39.71
REC0731,Client_F,Fintech & Finance,LinkedIn,Image,Promotional/Discount,Wednesday,Night (21:00-08:00),0.0,428,340,2,0,0,0,6,0,0.0,0,0.0,23.54
REC0732,Client_I,E-Learning & Education,LinkedIn,Carousel,Promotional/Discount,Wednesday,Evening (17:00-21:00),64.81,1106,977,20,2,1,0,24,1,47.7,0,0.0,39.02
REC0733,Client_E,Food & Beverage,Instagram,Video,Meme/Trending,Friday,Night (21:00-08:00),0.0,1207,801,90,10,5,2,10,0,0.0,571,3008.14,59.81
REC0734,Client_D,B2B Tech/SaaS,YouTube,Video,Customer Testimonial,Saturday,Morning (08:00-12:00),42.24,1632,1080,39,4,2,2,17,1,158.98,671,5797.6,58.27
REC0735,Client_D,B2B Tech/SaaS,LinkedIn,Text,Industry News,Wednesday,Evening (17:00-21:00),0.0,312,256,7,1,0,0,2,0,0.0,0,0.0,35.37
REC0736,Client_D,B2B Tech/SaaS,Facebook,Image,Product Education,Sunday,Afternoon (12:00-17:00),523.15,4842,3294,40,3,1,2,114,6,954.35,0,0.0,47.59
REC0737,Client_I,E-Learning & Education,LinkedIn,Carousel,Lifestyle/Aesthetic,Wednesday,Evening (17:00-21:00),45.08,889,719,22,2,1,0,13,0,0.0,0,0.0,40.86
REC0738,Client_A,Fashion & Retail,Instagram,Carousel,Lifestyle/Aesthetic,Thursday,Night (21:00-08:00),83.07,1823,1611,120,8,5,3,27,1,49.38,0,0.0,65.61
REC0739,Client_H,Real Estate,Instagram,Image,Meme/Trending,Monday,Night (21:00-08:00),0.0,531,377,5,0,0,0,4,0,0.0,0,0.0,27.71
REC0740,Client_D,B2B Tech/SaaS,Instagram,Image,Behind the Scenes,Sunday,Morning (08:00-12:00),0.0,763,573,24,3,2,1,5,0,0.0,0,0.0,45.83
REC0741,Client_H,Real Estate,LinkedIn,Image,Meme/Trending,Friday,Morning (08:00-12:00),0.0,361,318,12,1,0,1,3,0,0.0,0,0.0,42.78
REC0742,Client_F,Fintech & Finance,LinkedIn,Carousel,Product Education,Friday,Afternoon (12:00-17:00),0.0,495,390,5,0,0,0,3,0,0.0,0,0.0,26.9
REC0743,Client_C,B2B Tech/SaaS,LinkedIn,Text,Industry News,Saturday,Evening (17:00-21:00),290.69,2820,1983,25,2,2,1,67,1,142.52,0,0.0,34.13
REC0744,Client_D,B2B Tech/SaaS,LinkedIn,Image,Customer Testimonial,Monday,Night (21:00-08:00),220.68,2181,1895,13,1,0,0,48,2,309.71,0,0.0,35.54
REC0745,Client_J,Travel & Hospitality,YouTube,Shorts,Industry News,Monday,Night (21:00-08:00),0.0,1280,859,29,3,2,2,11,0,0.0,526,2952.75,40.65
REC0746,Client_C,B2B Tech/SaaS,LinkedIn,Text,Product Education,Wednesday,Afternoon (12:00-17:00),0.0,304,267,6,0,0,0,2,0,0.0,0,0.0,33.38
REC0747,Client_H,Real Estate,Instagram,Carousel,Promotional/Discount,Monday,Evening (17:00-21:00),32.11,1191,885,17,1,0,0,22,1,306.8,0,0.0,62.08
REC0748,Client_D,B2B Tech/SaaS,LinkedIn,Text,Product Education,Sunday,Morning (08:00-12:00),269.72,2662,2276,60,5,3,5,62,3,418.06,0,0.0,50.92
REC0749,Client_F,Fintech & Finance,Facebook,Image,Promotional/Discount,Friday,Morning (08:00-12:00),186.33,1938,1594,24,3,1,1,55,3,378.0,0,0.0,43.87
REC0750,Client_G,Health & Fitness,LinkedIn,Image,Product Education,Monday,Morning (08:00-12:00),0.0,312,249,4,0,0,0,2,0,0.0,0,0.0,27.27
REC0751,Client_E,Food & Beverage,YouTube,Video,Lifestyle/Aesthetic,Sunday,Night (21:00-08:00),0.0,827,651,49,6,5,2,7,0,0.0,307,2219.52,59.2
REC0752,Client_C,B2B Tech/SaaS,LinkedIn,Text,Promotional/Discount,Thursday,Evening (17:00-21:00),184.77,1847,1442,28,4,3,2,55,4,558.46,0,0.0,52.42
REC0753,Client_B,Fashion & Retail,Instagram,Carousel,Customer Testimonial,Sunday,Evening (17:00-21:00),0.0,490,343,27,3,1,1,3,0,0.0,0,0.0,57.3
REC0754,Client_C,B2B Tech/SaaS,Instagram,Reel,Industry News,Friday,Evening (17:00-21:00),0.0,1139,757,17,1,1,1,9,0,0.0,467,3060.31,34.56
REC0755,Client_H,Real Estate,Facebook,Video,Promotional/Discount,Monday,Afternoon (12:00-17:00),56.86,1099,753,5,0,0,0,24,1,295.53,576,4459.8,46.54
REC0756,Client_D,B2B Tech/SaaS,Instagram,Reel,Meme/Trending,Saturday,Evening (17:00-21:00),368.89,4453,3774,134,16,7,9,87,3,473.82,1775,23192.42,56.46
REC0757,Client_C,B2B Tech/SaaS,LinkedIn,Video,Industry News,Sunday,Morning (08:00-12:00),93.37,1308,967,21,2,1,1,24,1,151.01,546,5948.89,42.5
REC0758,Client_F,Fintech & Finance,LinkedIn,Text,Promotional/Discount,Tuesday,Night (21:00-08:00),59.82,747,543,5,0,0,0,18,1,122.78,0,0.0,34.93
REC0759,Client_A,Fashion & Retail,Instagram,Reel,Product Education,Tuesday,Evening (17:00-21:00),957.82,9238,6145,268,29,24,20,209,14,683.7,4739,32596.16,73.28
REC0760,Client_F,Fintech & Finance,Instagram,Reel,Promotional/Discount,Wednesday,Morning (08:00-12:00),0.0,1210,814,39,3,3,3,14,0,0.0,643,5929.03,48.88
REC0761,Client_C,B2B Tech/SaaS,Facebook,Reel,Customer Testimonial,Tuesday,Night (21:00-08:00),0.0,1186,953,7,0,0,0,10,0,0.0,651,7696.26,25.48
REC0762,Client_E,Food & Beverage,Facebook,Video,Promotional/Discount,Friday,Morning (08:00-12:00),0.0,614,462,7,0,0,0,9,0,0.0,219,1184.84,28.36
REC0763,Client_B,Fashion & Retail,Instagram,Reel,Industry News,Monday,Night (21:00-08:00),0.0,1292,983,58,7,3,4,12,0,0.0,618,3167.16,57.66
REC0764,Client_B,Fashion & Retail,Instagram,Reel,Industry News,Tuesday,Morning (08:00-12:00),0.0,1221,877,16,2,1,1,8,0,0.0,515,5261.5,34.18
REC0765,Client_F,Fintech & Finance,LinkedIn,Video,Industry News,Friday,Morning (08:00-12:00),0.0,497,444,7,0,0,0,3,0,0.0,203,2615.26,30.3
REC0766,Client_C,B2B Tech/SaaS,Instagram,Reel,Lifestyle/Aesthetic,Monday,Evening (17:00-21:00),76.03,1748,1225,23,1,2,1,25,0,0.0,950,4829.49,33.8
REC0767,Client_A,Fashion & Retail,Instagram,Carousel,Lifestyle/Aesthetic,Monday,Night (21:00-08:00),0.0,590,480,32,4,1,2,5,0,0.0,0,0.0,58.3
REC0768,Client_D,B2B Tech/SaaS,Instagram,Carousel,Meme/Trending,Thursday,Evening (17:00-21:00),0.0,941,618,28,3,2,1,8,0,0.0,0,0.0,50.55
REC0769,Client_A,Fashion & Retail,Instagram,Video,Customer Testimonial,Sunday,Night (21:00-08:00),0.0,923,765,74,6,2,1,6,0,0.0,356,1599.86,59.67
REC0770,Client_D,B2B Tech/SaaS,LinkedIn,Carousel,Lifestyle/Aesthetic,Sunday,Evening (17:00-21:00),67.58,1018,709,10,1,0,0,17,0,0.0,0,0.0,29.46
REC0771,Client_H,Real Estate,LinkedIn,Text,Meme/Trending,Friday,Morning (08:00-12:00),0.0,276,214,8,0,0,0,2,0,0.0,0,0.0,40.61
REC0772,Client_F,Fintech & Finance,Instagram,Carousel,Meme/Trending,Tuesday,Morning (08:00-12:00),40.85,1127,889,109,11,10,7,16,0,0.0,0,0.0,60.12
REC0773,Client_J,Travel & Hospitality,Instagram,Reel,Promotional/Discount,Tuesday,Afternoon (12:00-17:00),0.0,1068,945,21,2,1,0,18,0,0.0,433,4262.67,34.25
REC0774,Client_J,Travel & Hospitality,Instagram,Carousel,Lifestyle/Aesthetic,Friday,Afternoon (12:00-17:00),204.45,2473,2007,92,9,8,9,50,1,96.77,0,0.0,57.04
REC0775,Client_B,Fashion & Retail,Facebook,Text,Lifestyle/Aesthetic,Friday,Night (21:00-08:00),57.75,695,623,25,3,2,2,12,0,0.0,0,0.0,45.72
REC0776,Client_I,E-Learning & Education,Facebook,Video,Behind the Scenes,Monday,Night (21:00-08:00),0.0,580,424,1,0,0,0,4,0,0.0,302,3702.1,21.39
REC0777,Client_I,E-Learning & Education,Facebook,Image,Lifestyle/Aesthetic,Friday,Afternoon (12:00-17:00),0.0,403,337,4,0,0,0,2,0,0.0,0,0.0,26.69
REC0778,Client_G,Health & Fitness,Facebook,Video,Industry News,Tuesday,Morning (08:00-12:00),0.0,680,481,4,0,0,0,4,0,0.0,339,1486.12,24.74
REC0779,Client_A,Fashion & Retail,Instagram,Image,Behind the Scenes,Monday,Evening (17:00-21:00),0.0,697,501,30,4,1,1,5,0,0.0,0,0.0,57.23
REC0780,Client_H,Real Estate,YouTube,Video,Meme/Trending,Wednesday,Night (21:00-08:00),40.39,1191,888,19,2,2,1,15,0,0.0,503,5534.83,35.62
REC0781,Client_B,Fashion & Retail,Instagram,Reel,Promotional/Discount,Monday,Evening (17:00-21:00),179.16,2875,2293,66,7,4,6,61,5,231.84,1430,4334.74,55.21
REC0782,Client_G,Health & Fitness,YouTube,Video,Meme/Trending,Monday,Afternoon (12:00-17:00),0.0,1179,819,31,4,1,1,10,0,0.0,497,6694.33,43.55
REC0783,Client_J,Travel & Hospitality,Facebook,Image,Behind the Scenes,Sunday,Evening (17:00-21:00),0.0,450,373,11,1,0,0,3,0,0.0,0,0.0,38.88
REC0784,Client_D,B2B Tech/SaaS,LinkedIn,Image,Product Education,Tuesday,Evening (17:00-21:00),0.0,332,294,7,1,0,0,2,0,0.0,0,0.0,34.26
REC0785,Client_E,Food & Beverage,Facebook,Text,Meme/Trending,Friday,Night (21:00-08:00),0.0,375,279,13,0,0,0,3,0,0.0,0,0.0,45.97
REC0786,Client_H,Real Estate,LinkedIn,Text,Product Education,Friday,Evening (17:00-21:00),0.0,330,246,2,0,0,0,2,0,0.0,0,0.0,23.77
REC0787,Client_J,Travel & Hospitality,Facebook,Text,Meme/Trending,Thursday,Night (21:00-08:00),0.0,303,260,6,0,0,0,2,0,0.0,0,0.0,34.2
REC0788,Client_E,Food & Beverage,LinkedIn,Text,Behind the Scenes,Thursday,Night (21:00-08:00),63.58,696,626,28,2,2,1,15,0,0.0,0,0.0,48.69
REC0789,Client_H,Real Estate,Instagram,Video,Lifestyle/Aesthetic,Saturday,Evening (17:00-21:00),0.0,902,740,19,2,1,0,6,0,0.0,383,5412.86,38.45
REC0790,Client_B,Fashion & Retail,Facebook,Reel,Customer Testimonial,Tuesday,Night (21:00-08:00),0.0,1002,734,16,1,1,1,8,0,0.0,444,6275.54,34.09
REC0791,Client_J,Travel & Hospitality,YouTube,Video,Customer Testimonial,Tuesday,Afternoon (12:00-17:00),0.0,1280,871,27,1,1,2,9,0,0.0,699,3665.91,39.5
REC0792,Client_A,Fashion & Retail,Instagram,Reel,Lifestyle/Aesthetic,Sunday,Afternoon (12:00-17:00),56.8,1850,1534,91,14,9,5,20,0,0.0,979,3555.6,61.73
REC0793,Client_E,Food & Beverage,Instagram,Reel,Promotional/Discount,Thursday,Night (21:00-08:00),141.62,2215,1707,83,11,4,3,60,3,78.28,1046,6722.7,58.44
REC0794,Client_G,Health & Fitness,Facebook,Video,Customer Testimonial,Tuesday,Night (21:00-08:00),0.0,690,521,12,1,0,0,6,0,0.0,366,4706.43,33.2
REC0795,Client_G,Health & Fitness,Instagram,Image,Lifestyle/Aesthetic,Wednesday,Evening (17:00-21:00),18.04,739,571,22,1,1,1,7,0,0.0,0,0.0,47.12
REC0796,Client_C,B2B Tech/SaaS,LinkedIn,Image,Promotional/Discount,Friday,Night (21:00-08:00),0.0,318,217,0,0,0,0,5,0,0.0,0,0.0,19.15
REC0797,Client_H,Real Estate,Instagram,Image,Industry News,Sunday,Night (21:00-08:00),0.0,847,699,7,0,0,0,6,0,0.0,0,0.0,26.92
REC0798,Client_B,Fashion & Retail,Instagram,Carousel,Product Education,Saturday,Night (21:00-08:00),0.0,1069,954,87,9,4,2,9,0,0.0,0,0.0,60.33
REC0799,Client_J,Travel & Hospitality,Instagram,Reel,Behind the Scenes,Tuesday,Evening (17:00-21:00),214.76,3129,2134,132,9,12,8,59,1,100.68,1283,8236.37,65.32
REC0800,Client_J,Travel & Hospitality,LinkedIn,Video,Meme/Trending,Tuesday,Evening (17:00-21:00),0.0,565,379,14,1,0,0,5,0,0.0,254,2208.97,41.21
REC0801,Client_B,Fashion & Retail,Instagram,Carousel,Product Education,Sunday,Night (21:00-08:00),0.0,622,439,26,2,2,2,4,0,0.0,0,0.0,58.03
REC0802,Client_F,Fintech & Finance,Instagram,Carousel,Meme/Trending,Friday,Night (21:00-08:00),0.0,669,589,10,0,0,0,5,0,0.0,0,0.0,31.26
REC0803,Client_H,Real Estate,YouTube,Video,Industry News,Sunday,Morning (08:00-12:00),0.0,1082,801,23,3,1,1,8,0,0.0,447,2123.39,38.91
REC0804,Client_B,Fashion & Retail,Instagram,Reel,Behind the Scenes,Sunday,Evening (17:00-21:00),0.0,31680,26928,1716,18,105,90,35,1,47.73,1110,15819.93,98.5
REC0805,Client_A,Fashion & Retail,Instagram,Reel,Product Education,Tuesday,Evening (17:00-21:00),0.0,990,698,26,1,2,2,7,0,0.0,497,6718.36,43.32
REC0806,Client_B,Fashion & Retail,Instagram,Reel,Behind the Scenes,Tuesday,Afternoon (12:00-17:00),0.0,1508,1028,34,3,2,1,13,0,0.0,580,5839.71,43.06
REC0807,Client_F,Fintech & Finance,Facebook,Image,Customer Testimonial,Friday,Afternoon (12:00-17:00),38.95,842,598,5,0,0,0,11,0,0.0,0,0.0,25.37
REC0808,Client_A,Fashion & Retail,LinkedIn,Text,Meme/Trending,Wednesday,Morning (08:00-12:00),0.0,266,221,5,0,0,0,2,0,0.0,0,0.0,33.16
REC0809,Client_I,E-Learning & Education,Instagram,Carousel,Product Education,Thursday,Morning (08:00-12:00),116.85,1964,1646,125,16,6,5,32,1,54.04,0,0.0,65.18
REC0810,Client_F,Fintech & Finance,LinkedIn,Text,Lifestyle/Aesthetic,Saturday,Evening (17:00-21:00),0.0,281,206,2,0,0,0,2,0,0.0,0,0.0,25.48
REC0811,Client_F,Fintech & Finance,Instagram,Carousel,Product Education,Tuesday,Night (21:00-08:00),0.0,865,625,14,1,1,0,5,0,0.0,0,0.0,33.0
REC0812,Client_B,Fashion & Retail,Instagram,Reel,Promotional/Discount,Tuesday,Night (21:00-08:00),0.0,1620,1072,45,5,2,1,20,1,47.33,675,5095.9,52.81
REC0813,Client_E,Food & Beverage,Instagram,Image,Customer Testimonial,Tuesday,Morning (08:00-12:00),0.0,468,417,15,1,1,0,3,0,0.0,0,0.0,41.68
REC0814,Client_I,E-Learning & Education,Facebook,Image,Customer Testimonial,Monday,Night (21:00-08:00),0.0,364,255,0,0,0,0,2,0,0.0,0,0.0,19.38
REC0815,Client_C,B2B Tech/SaaS,Instagram,Image,Meme/Trending,Friday,Night (21:00-08:00),0.0,581,471,6,0,0,0,3,0,0.0,0,0.0,28.81
REC0816,Client_D,B2B Tech/SaaS,LinkedIn,Text,Industry News,Friday,Afternoon (12:00-17:00),128.2,1388,1176,18,2,1,0,28,0,0.0,0,0.0,31.72
REC0817,Client_H,Real Estate,Instagram,Video,Product Education,Sunday,Evening (17:00-21:00),0.0,960,762,12,1,0,0,7,0,0.0,376,2422.96,31.85
REC0818,Client_F,Fintech & Finance,LinkedIn,Image,Behind the Scenes,Sunday,Night (21:00-08:00),0.0,337,269,2,0,0,0,2,0,0.0,0,0.0,22.19
REC0819,Client_I,E-Learning & Education,LinkedIn,Text,Meme/Trending,Tuesday,Afternoon (12:00-17:00),0.0,217,173,10,1,0,0,1,0,0.0,0,0.0,53.33
REC0820,Client_E,Food & Beverage,Facebook,Carousel,Behind the Scenes,Monday,Night (21:00-08:00),0.0,617,425,9,1,0,0,5,0,0.0,0,0.0,33.85
REC0821,Client_D,B2B Tech/SaaS,Instagram,Image,Meme/Trending,Friday,Afternoon (12:00-17:00),0.0,506,398,15,1,1,1,4,0,0.0,0,0.0,44.59
REC0822,Client_J,Travel & Hospitality,YouTube,Video,Promotional/Discount,Sunday,Night (21:00-08:00),0.0,879,669,28,3,1,2,13,0,0.0,365,2497.51,48.91
REC0823,Client_D,B2B Tech/SaaS,LinkedIn,Text,Product Education,Sunday,Evening (17:00-21:00),41.04,710,511,5,0,0,0,11,0,0.0,0,0.0,26.51
REC0824,Client_C,B2B Tech/SaaS,LinkedIn,Carousel,Product Education,Monday,Night (21:00-08:00),0.0,545,375,1,0,0,0,4,0,0.0,0,0.0,21.49
REC0825,Client_E,Food & Beverage,Instagram,Carousel,Product Education,Saturday,Evening (17:00-21:00),0.0,771,534,29,2,2,2,5,0,0.0,0,0.0,57.38
REC0826,Client_I,E-Learning & Education,Instagram,Reel,Promotional/Discount,Saturday,Morning (08:00-12:00),0.0,988,829,20,2,1,0,12,1,52.32,456,2596.05,43.06
REC0827,Client_I,E-Learning & Education,LinkedIn,Text,Customer Testimonial,Wednesday,Morning (08:00-12:00),0.0,319,208,8,0,0,0,2,0,0.0,0,0.0,45.57
REC0828,Client_C,B2B Tech/SaaS,LinkedIn,Text,Industry News,Tuesday,Evening (17:00-21:00),112.89,1141,989,18,1,1,0,25,1,162.97,0,0.0,40.8
REC0829,Client_I,E-Learning & Education,LinkedIn,Image,Product Education,Sunday,Night (21:00-08:00),0.0,347,265,1,0,0,0,3,0,0.0,0,0.0,20.83
REC0830,Client_J,Travel & Hospitality,Instagram,Reel,Customer Testimonial,Wednesday,Evening (17:00-21:00),0.0,908,713,34,2,2,3,6,0,0.0,366,2873.21,52.54
REC0831,Client_I,E-Learning & Education,Instagram,Video,Promotional/Discount,Saturday,Morning (08:00-12:00),0.0,750,502,13,1,0,1,13,0,0.0,340,3220.89,37.24
REC0832,Client_C,B2B Tech/SaaS,LinkedIn,Text,Lifestyle/Aesthetic,Saturday,Night (21:00-08:00),193.06,1930,1702,15,2,0,0,41,2,323.31,0,0.0,36.66
REC0833,Client_F,Fintech & Finance,LinkedIn,Carousel,Meme/Trending,Thursday,Afternoon (12:00-17:00),0.0,459,347,16,1,1,1,3,0,0.0,0,0.0,46.62
REC0834,Client_J,Travel & Hospitality,Instagram,Image,Meme/Trending,Sunday,Night (21:00-08:00),500.0,1500,1200,1,0,0,0,0,0,0.0,0,0.0,5.2
REC0835,Client_G,Health & Fitness,Facebook,Text,Lifestyle/Aesthetic,Wednesday,Evening (17:00-21:00),0.0,338,295,7,0,0,0,2,0,0.0,0,0.0,34.17
REC0836,Client_G,Health & Fitness,Facebook,Carousel,Meme/Trending,Saturday,Evening (17:00-21:00),20.1,757,646,30,3,2,1,9,0,0.0,0,0.0,52.48
REC0837,Client_H,Real Estate,Facebook,Text,Meme/Trending,Monday,Evening (17:00-21:00),85.42,1000,843,16,1,0,1,18,0,0.0,0,0.0,32.26
REC0838,Client_B,Fashion & Retail,Instagram,Reel,Lifestyle/Aesthetic,Saturday,Morning (08:00-12:00),0.0,887,610,25,2,1,1,6,0,0.0,485,3622.76,49.29
REC0839,Client_J,Travel & Hospitality,YouTube,Video,Meme/Trending,Wednesday,Evening (17:00-21:00),0.0,1210,1004,72,10,6,6,10,0,0.0,617,3771.48,60.48
REC0840,Client_B,Fashion & Retail,Instagram,Reel,Behind the Scenes,Wednesday,Evening (17:00-21:00),0.0,1314,1164,75,7,7,6,10,0,0.0,463,2346.45,60.92
REC0841,Client_F,Fintech & Finance,YouTube,Shorts,Behind the Scenes,Wednesday,Evening (17:00-21:00),0.0,950,774,29,2,1,2,8,0,0.0,472,5808.54,44.55
REC0842,Client_D,B2B Tech/SaaS,LinkedIn,Image,Meme/Trending,Thursday,Morning (08:00-12:00),28.64,605,429,31,2,2,2,8,0,0.0,0,0.0,57.96
REC0843,Client_H,Real Estate,Facebook,Carousel,Meme/Trending,Sunday,Night (21:00-08:00),151.19,1742,1369,8,1,0,0,33,1,299.57,0,0.0,35.03
REC0844,Client_J,Travel & Hospitality,Instagram,Reel,Promotional/Discount,Friday,Evening (17:00-21:00),0.0,1192,875,36,3,2,1,15,1,97.13,510,6449.02,54.03
REC0845,Client_C,B2B Tech/SaaS,LinkedIn,Image,Lifestyle/Aesthetic,Tuesday,Morning (08:00-12:00),644.59,5813,4509,245,19,22,16,140,6,924.29,0,0.0,73.61
REC0846,Client_B,Fashion & Retail,Facebook,Reel,Behind the Scenes,Monday,Evening (17:00-21:00),0.0,852,750,15,2,1,0,6,0,0.0,311,3938.3,34.9
REC0847,Client_E,Food & Beverage,Instagram,Carousel,Product Education,Tuesday,Night (21:00-08:00),89.63,1519,1002,47,3,2,4,26,1,22.86,0,0.0,51.38
REC0848,Client_I,E-Learning & Education,Instagram,Reel,Customer Testimonial,Saturday,Night (21:00-08:00),100.0,2136,1414,17,1,1,1,31,2,102.61,1146,13850.56,36.33
REC0849,Client_I,E-Learning & Education,Instagram,Carousel,Promotional/Discount,Tuesday,Night (21:00-08:00),0.0,863,654,10,1,0,0,12,0,0.0,0,0.0,29.55
REC0850,Client_F,Fintech & Finance,Facebook,Text,Industry News,Sunday,Morning (08:00-12:00),110.4,1227,985,13,1,0,0,26,0,0.0,0,0.0,29.81
REC0851,Client_F,Fintech & Finance,LinkedIn,Text,Promotional/Discount,Saturday,Evening (17:00-21:00),0.0,213,145,1,0,0,0,3,0,0.0,0,0.0,22.54
REC0852,Client_I,E-Learning & Education,LinkedIn,Carousel,Meme/Trending,Sunday,Afternoon (12:00-17:00),0.0,359,321,10,1,0,0,3,0,0.0,0,0.0,36.27
REC0853,Client_F,Fintech & Finance,Instagram,Image,Product Education,Friday,Evening (17:00-21:00),108.65,1518,1145,23,2,2,0,28,1,125.61,0,0.0,39.48
REC0854,Client_H,Real Estate,Facebook,Video,Customer Testimonial,Sunday,Night (21:00-08:00),28.62,706,476,1,0,0,0,9,0,0.0,383,3809.5,21.19
REC0855,Client_H,Real Estate,Instagram,Carousel,Promotional/Discount,Thursday,Night (21:00-08:00),0.0,735,547,9,1,0,0,10,0,0.0,0,0.0,29.86
REC0856,Client_A,Fashion & Retail,Instagram,Reel,Customer Testimonial,Friday,Morning (08:00-12:00),500.0,1500,1200,1,0,0,0,0,0,0.0,699,5245.82,5.2
REC0857,Client_F,Fintech & Finance,Facebook,Video,Industry News,Sunday,Afternoon (12:00-17:00),0.0,419,371,2,0,0,0,2,0,0.0,187,1555.07,23.72
REC0858,Client_I,E-Learning & Education,Facebook,Video,Industry News,Sunday,Afternoon (12:00-17:00),0.0,550,483,4,0,0,0,4,0,0.0,198,1912.54,24.71
REC0859,Client_D,B2B Tech/SaaS,LinkedIn,Carousel,Behind the Scenes,Wednesday,Afternoon (12:00-17:00),0.0,501,442,11,0,1,1,4,0,0.0,0,0.0,36.76
REC0860,Client_C,B2B Tech/SaaS,LinkedIn,Text,Lifestyle/Aesthetic,Friday,Night (21:00-08:00),44.16,656,520,4,0,0,0,10,0,0.0,0,0.0,23.76
REC0861,Client_H,Real Estate,Instagram,Carousel,Lifestyle/Aesthetic,Friday,Night (21:00-08:00),482.01,4813,4310,69,7,5,3,113,2,552.96,0,0.0,42.98
REC0862,Client_C,B2B Tech/SaaS,Facebook,Reel,Industry News,Friday,Morning (08:00-12:00),0.0,747,497,6,0,0,0,6,0,0.0,278,2280.91,27.26
REC0863,Client_E,Food & Beverage,YouTube,Shorts,Customer Testimonial,Monday,Afternoon (12:00-17:00),0.0,1172,808,21,3,2,1,8,0,0.0,543,4225.14,38.5
REC0864,Client_C,B2B Tech/SaaS,LinkedIn,Text,Meme/Trending,Friday,Afternoon (12:00-17:00),304.3,2862,2228,83,10,4,2,67,3,485.63,0,0.0,56.19
REC0865,Client_C,B2B Tech/SaaS,LinkedIn,Text,Customer Testimonial,Tuesday,Morning (08:00-12:00),0.0,283,221,11,1,0,0,1,0,0.0,0,0.0,50.51
REC0866,Client_I,E-Learning & Education,Instagram,Carousel,Meme/Trending,Sunday,Morning (08:00-12:00),153.92,2136,1511,107,14,5,6,41,0,0.0,0,0.0,61.69
REC0867,Client_G,Health & Fitness,Instagram,Carousel,Meme/Trending,Thursday,Night (21:00-08:00),219.88,2647,2266,155,19,13,6,53,2,129.37,0,0.0,68.1
REC0868,Client_I,E-Learning & Education,Facebook,Video,Behind the Scenes,Friday,Evening (17:00-21:00),89.22,1370,1209,16,1,1,1,24,0,0.0,666,9125.2,29.62
REC0869,Client_E,Food & Beverage,Instagram,Carousel,Customer Testimonial,Monday,Evening (17:00-21:00),0.0,891,691,31,2,2,2,6,0,0.0,0,0.0,48.43
REC0870,Client_E,Food & Beverage,LinkedIn,Carousel,Promotional/Discount,Tuesday,Morning (08:00-12:00),0.0,437,305,3,0,0,0,6,0,0.0,0,0.0,23.89
REC0871,Client_H,Real Estate,LinkedIn,Text,Industry News,Thursday,Night (21:00-08:00),0.0,327,248,2,0,0,0,2,0,0.0,0,0.0,23.16
REC0872,Client_C,B2B Tech/SaaS,Instagram,Carousel,Behind the Scenes,Tuesday,Morning (08:00-12:00),92.52,1551,1037,81,11,7,5,25,0,0.0,0,0.0,60.57
REC0873,Client_D,B2B Tech/SaaS,Facebook,Image,Behind the Scenes,Friday,Evening (17:00-21:00),28.89,602,502,5,0,0,0,8,0,0.0,0,0.0,26.39
REC0874,Client_J,Travel & Hospitality,Instagram,Image,Customer Testimonial,Saturday,Morning (08:00-12:00),0.0,392,261,14,1,1,0,3,0,0.0,0,0.0,49.44
REC0875,Client_A,Fashion & Retail,YouTube,Shorts,Promotional/Discount,Monday,Morning (08:00-12:00),0.0,996,751,14,1,1,0,17,1,41.69,510,5654.56,39.51
REC0876,Client_B,Fashion & Retail,Instagram,Reel,Meme/Trending,Wednesday,Night (21:00-08:00),0.0,1201,1039,72,9,3,6,10,0,0.0,633,6745.09,60.58
REC0877,Client_E,Food & Beverage,Instagram,Image,Lifestyle/Aesthetic,Sunday,Afternoon (12:00-17:00),708.02,6761,5159,301,38,23,26,169,7,165.81,0,0.0,72.39
REC0878,Client_A,Fashion & Retail,Facebook,Text,Customer Testimonial,Tuesday,Night (21:00-08:00),0.0,257,222,3,0,0,0,2,0,0.0,0,0.0,29.36
REC0879,Client_A,Fashion & Retail,Instagram,Image,Customer Testimonial,Thursday,Evening (17:00-21:00),19.66,814,713,40,3,1,3,7,0,0.0,0,0.0,54.75
REC0880,Client_J,Travel & Hospitality,Facebook,Video,Customer Testimonial,Friday,Morning (08:00-12:00),0.0,726,595,13,1,0,0,6,0,0.0,354,1099.86,32.43
REC0881,Client_C,B2B Tech/SaaS,LinkedIn,Text,Meme/Trending,Tuesday,Morning (08:00-12:00),0.0,266,214,18,1,1,0,1,0,0.0,0,0.0,55.91
REC0882,Client_B,Fashion & Retail,Instagram,Image,Customer Testimonial,Sunday,Night (21:00-08:00),0.0,658,551,45,4,2,2,5,0,0.0,0,0.0,58.7
REC0883,Client_G,Health & Fitness,Instagram,Carousel,Behind the Scenes,Tuesday,Night (21:00-08:00),331.74,3747,2879,190,14,13,6,78,3,183.8,0,0.0,69.62
REC0884,Client_G,Health & Fitness,Facebook,Video,Lifestyle/Aesthetic,Friday,Morning (08:00-12:00),422.04,4230,2988,60,4,4,4,96,2,119.64,1877,11523.74,40.91
REC0885,Client_F,Fintech & Finance,LinkedIn,Carousel,Industry News,Monday,Afternoon (12:00-17:00),88.74,1197,883,11,1,1,0,23,1,119.95,0,0.0,35.55
REC0886,Client_B,Fashion & Retail,Instagram,Reel,Industry News,Saturday,Morning (08:00-12:00),0.0,1297,1099,36,2,3,1,11,0,0.0,469,3509.18,44.35
REC0887,Client_E,Food & Beverage,Facebook,Carousel,Product Education,Friday,Afternoon (12:00-17:00),0.0,260,195,3,0,0,0,2,0,0.0,0,0.0,27.07
REC0888,Client_C,B2B Tech/SaaS,Instagram,Image,Promotional/Discount,Wednesday,Afternoon (12:00-17:00),74.58,1233,1049,49,6,2,2,31,2,303.58,0,0.0,67.93
REC0889,Client_I,E-Learning & Education,Instagram,Reel,Promotional/Discount,Tuesday,Morning (08:00-12:00),23.78,1499,1243,57,5,4,3,28,2,107.83,693,5006.87,74.35
REC0890,Client_G,Health & Fitness,LinkedIn,Text,Promotional/Discount,Tuesday,Evening (17:00-21:00),0.0,251,201,3,0,0,0,4,0,0.0,0,0.0,28.08
REC0891,Client_J,Travel & Hospitality,LinkedIn,Text,Behind the Scenes,Sunday,Evening (17:00-21:00),88.27,1009,865,38,2,2,3,20,0,0.0,0,0.0,47.14
REC0892,Client_J,Travel & Hospitality,YouTube,Shorts,Industry News,Friday,Morning (08:00-12:00),0.0,1122,747,29,4,1,1,8,0,0.0,529,7724.58,43.93
REC0893,Client_B,Fashion & Retail,Facebook,Image,Product Education,Tuesday,Evening (17:00-21:00),113.67,1437,1270,21,1,0,1,29,1,44.06,0,0.0,35.93
REC0894,Client_F,Fintech & Finance,LinkedIn,Carousel,Product Education,Saturday,Morning (08:00-12:00),0.0,349,310,8,1,0,0,2,0,0.0,0,0.0,34.69
REC0895,Client_G,Health & Fitness,YouTube,Video,Industry News,Saturday,Afternoon (12:00-17:00),0.0,843,713,30,2,2,1,8,0,0.0,359,3893.74,45.27
REC0896,Client_E,Food & Beverage,Instagram,Carousel,Behind the Scenes,Tuesday,Afternoon (12:00-17:00),127.31,1885,1356,36,4,1,2,33,1,25.85,0,0.0,41.86
REC0897,Client_J,Travel & Hospitality,Instagram,Reel,Behind the Scenes,Monday,Afternoon (12:00-17:00),128.6,2019,1481,46,3,4,2,34,1,90.33,881,6399.27,45.62
REC0898,Client_G,Health & Fitness,Facebook,Video,Meme/Trending,Thursday,Evening (17:00-21:00),681.26,6398,4879,135,18,7,11,162,6,339.41,3039,27822.52,55.54
REC0899,Client_G,Health & Fitness,Instagram,Image,Lifestyle/Aesthetic,Monday,Night (21:00-08:00),0.0,697,490,27,2,1,2,5,0,0.0,0,0.0,53.93
REC0900,Client_A,Fashion & Retail,Facebook,Text,Customer Testimonial,Thursday,Night (21:00-08:00),0.0,345,285,6,0,0,0,2,0,0.0,0,0.0,31.24
REC0901,Client_A,Fashion & Retail,Facebook,Image,Behind the Scenes,Tuesday,Evening (17:00-21:00),49.79,919,709,12,0,0,1,14,0,0.0,0,0.0,31.77
REC0902,Client_J,Travel & Hospitality,Instagram,Carousel,Lifestyle/Aesthetic,Sunday,Evening (17:00-21:00),0.0,730,600,60,4,3,3,5,0,0.0,0,0.0,58.96
REC0903,Client_B,Fashion & Retail,Instagram,Image,Promotional/Discount,Tuesday,Evening (17:00-21:00),0.0,686,613,16,2,1,0,11,0,0.0,0,0.0,36.16
REC0904,Client_I,E-Learning & Education,LinkedIn,Text,Lifestyle/Aesthetic,Thursday,Afternoon (12:00-17:00),0.0,177,135,4,0,0,0,1,0,0.0,0,0.0,40.17
REC0905,Client_F,Fintech & Finance,Facebook,Image,Product Education,Sunday,Afternoon (12:00-17:00),0.0,472,351,5,0,0,0,3,0,0.0,0,0.0,25.95
REC0906,Client_E,Food & Beverage,Instagram,Reel,Lifestyle/Aesthetic,Thursday,Evening (17:00-21:00),0.0,1230,905,47,6,3,1,9,0,0.0,432,2235.93,55.46
REC0907,Client_H,Real Estate,LinkedIn,Video,Customer Testimonial,Monday,Morning (08:00-12:00),130.68,1474,1256,23,1,1,2,32,2,583.72,792,8675.28,53.57
REC0908,Client_H,Real Estate,Facebook,Video,Lifestyle/Aesthetic,Wednesday,Morning (08:00-12:00),0.0,569,460,13,1,1,0,5,0,0.0,292,3356.76,39.05
REC0909,Client_E,Food & Beverage,Facebook,Video,Promotional/Discount,Friday,Night (21:00-08:00),56.93,930,652,14,1,1,1,20,1,25.49,416,4571.52,38.07
REC0910,Client_A,Fashion & Retail,LinkedIn,Text,Meme/Trending,Tuesday,Night (21:00-08:00),0.0,181,122,4,0,0,0,1,0,0.0,0,0.0,46.33
REC0911,Client_E,Food & Beverage,Instagram,Carousel,Meme/Trending,Saturday,Morning (08:00-12:00),49.84,919,632,45,6,3,4,13,0,0.0,0,0.0,59.11
REC0912,Client_H,Real Estate,LinkedIn,Image,Promotional/Discount,Wednesday,Afternoon (12:00-17:00),0.0,267,210,4,0,0,0,3,0,0.0,0,0.0,31.85
REC0913,Client_C,B2B Tech/SaaS,LinkedIn,Image,Product Education,Tuesday,Evening (17:00-21:00),30.81,642,449,11,1,0,1,8,0,0.0,0,0.0,35.26
REC0914,Client_I,E-Learning & Education,LinkedIn,Video,Meme/Trending,Monday,Afternoon (12:00-17:00),0.0,314,240,9,1,0,0,2,0,0.0,155,1091.6,41.47
REC0915,Client_C,B2B Tech/SaaS,Facebook,Image,Promotional/Discount,Thursday,Morning (08:00-12:00),110.1,1361,970,20,1,1,1,33,2,282.27,0,0.0,46.89
REC0916,Client_A,Fashion & Retail,YouTube,Shorts,Behind the Scenes,Saturday,Evening (17:00-21:00),86.97,1903,1332,84,14,8,4,28,0,0.0,939,7857.95,61.32
REC0917,Client_D,B2B Tech/SaaS,LinkedIn,Text,Behind the Scenes,Monday,Afternoon (12:00-17:00),0.0,272,204,4,0,0,0,2,0,0.0,0,0.0,30.95
REC0918,Client_H,Real Estate,Facebook,Image,Meme/Trending,Wednesday,Afternoon (12:00-17:00),0.0,569,392,11,1,0,1,4,0,0.0,0,0.0,38.85
REC0919,Client_H,Real Estate,Instagram,Carousel,Product Education,Friday,Evening (17:00-21:00),0.0,879,594,13,0,0,1,6,0,0.0,0,0.0,32.79
REC0920,Client_D,B2B Tech/SaaS,Instagram,Reel,Industry News,Monday,Afternoon (12:00-17:00),411.48,4943,3500,115,12,10,5,104,4,545.81,2130,11090.75,55.13
REC0921,Client_H,Real Estate,LinkedIn,Text,Behind the Scenes,Sunday,Morning (08:00-12:00),218.57,2095,1573,31,4,2,1,50,2,547.27,0,0.0,46.9
REC0922,Client_J,Travel & Hospitality,Instagram,Image,Promotional/Discount,Wednesday,Morning (08:00-12:00),0.0,706,581,11,1,0,0,12,0,0.0,0,0.0,32.22
REC0923,Client_E,Food & Beverage,Instagram,Carousel,Meme/Trending,Tuesday,Evening (17:00-21:00),199.83,2443,1650,124,15,13,8,45,2,52.33,0,0.0,65.93
REC0924,Client_I,E-Learning & Education,Instagram,Carousel,Behind the Scenes,Wednesday,Morning (08:00-12:00),0.0,531,469,43,3,3,3,4,0,0.0,0,0.0,58.23
REC0925,Client_A,Fashion & Retail,Instagram,Carousel,Lifestyle/Aesthetic,Wednesday,Afternoon (12:00-17:00),188.7,2490,2074,57,7,5,4,49,1,48.7,0,0.0,43.53
REC0926,Client_J,Travel & Hospitality,Instagram,Image,Behind the Scenes,Saturday,Night (21:00-08:00),0.0,576,417,36,3,1,3,4,0,0.0,0,0.0,57.88
REC0927,Client_E,Food & Beverage,Facebook,Text,Product Education,Friday,Evening (17:00-21:00),0.0,330,291,8,0,0,0,2,0,0.0,0,0.0,36.82
REC0928,Client_J,Travel & Hospitality,LinkedIn,Text,Behind the Scenes,Sunday,Morning (08:00-12:00),0.0,241,207,4,0,0,0,2,0,0.0,0,0.0,32.4
REC0929,Client_D,B2B Tech/SaaS,Instagram,Video,Behind the Scenes,Sunday,Morning (08:00-12:00),0.0,691,455,17,1,1,1,4,0,0.0,272,924.64,42.39
REC0930,Client_A,Fashion & Retail,Instagram,Carousel,Promotional/Discount,Friday,Afternoon (12:00-17:00),184.52,2372,2095,47,5,4,3,59,3,139.87,0,0.0,46.35
REC0931,Client_H,Real Estate,LinkedIn,Image,Behind the Scenes,Tuesday,Afternoon (12:00-17:00),47.51,733,647,22,1,1,2,13,0,0.0,0,0.0,43.89
REC0932,Client_F,Fintech & Finance,LinkedIn,Image,Meme/Trending,Sunday,Night (21:00-08:00),0.0,371,327,2,0,0,0,2,0,0.0,0,0.0,24.56
REC0933,Client_D,B2B Tech/SaaS,Facebook,Image,Product Education,Friday,Morning (08:00-12:00),0.0,479,395,4,0,0,0,3,0,0.0,0,0.0,24.59
REC0934,Client_F,Fintech & Finance,LinkedIn,Text,Lifestyle/Aesthetic,Friday,Evening (17:00-21:00),32.54,511,452,5,0,0,0,8,0,0.0,0,0.0,27.96
REC0935,Client_B,Fashion & Retail,Instagram,Reel,Industry News,Thursday,Evening (17:00-21:00),65.83,1452,1155,47,3,3,4,19,0,0.0,686,9048.96,47.77
REC0936,Client_A,Fashion & Retail,Facebook,Carousel,Product Education,Friday,Morning (08:00-12:00),0.0,424,351,4,0,0,0,3,0,0.0,0,0.0,27.02
REC0937,Client_G,Health & Fitness,LinkedIn,Carousel,Industry News,Sunday,Evening (17:00-21:00),0.0,474,333,13,1,1,0,4,0,0.0,0,0.0,47.16
REC0938,Client_G,Health & Fitness,YouTube,Video,Product Education,Friday,Morning (08:00-12:00),0.0,1414,958,30,4,2,2,12,0,0.0,624,3445.87,41.61
REC0939,Client_G,Health & Fitness,LinkedIn,Carousel,Product Education,Tuesday,Night (21:00-08:00),0.0,327,215,5,0,0,0,2,0,0.0,0,0.0,32.41
REC0940,Client_D,B2B Tech/SaaS,LinkedIn,Video,Behind the Scenes,Saturday,Morning (08:00-12:00),0.0,584,490,13,2,0,0,4,0,0.0,237,862.8,37.26
REC0941,Client_I,E-Learning & Education,Facebook,Reel,Meme/Trending,Sunday,Night (21:00-08:00),56.75,1352,1174,9,0,0,0,20,0,0.0,540,3197.53,25.76
REC0942,Client_A,Fashion & Retail,YouTube,Video,Industry News,Friday,Afternoon (12:00-17:00),0.0,1140,821,28,3,1,2,10,0,0.0,506,6695.82,42.27
REC0943,Client_H,Real Estate,LinkedIn,Image,Industry News,Sunday,Afternoon (12:00-17:00),0.0,329,232,3,0,0,0,3,0,0.0,0,0.0,24.8
REC0944,Client_I,E-Learning & Education,Facebook,Image,Promotional/Discount,Sunday,Night (21:00-08:00),0.0,528,370,0,0,0,0,7,0,0.0,0,0.0,19.87
REC0945,Client_G,Health & Fitness,Instagram,Carousel,Customer Testimonial,Friday,Afternoon (12:00-17:00),346.8,3724,2517,148,17,8,13,87,6,364.73,0,0.0,72.25
REC0946,Client_B,Fashion & Retail,Facebook,Image,Customer Testimonial,Wednesday,Morning (08:00-12:00),53.69,870,696,6,0,0,0,14,1,44.46,0,0.0,29.92
REC0947,Client_H,Real Estate,LinkedIn,Text,Product Education,Saturday,Afternoon (12:00-17:00),500.0,1500,1200,1,0,0,0,0,0,0.0,0,0.0,5.2
REC0948,Client_D,B2B Tech/SaaS,LinkedIn,Text,Behind the Scenes,Sunday,Morning (08:00-12:00),0.0,250,220,5,0,0,0,1,0,0.0,0,0.0,33.83
REC0949,Client_G,Health & Fitness,Instagram,Image,Promotional/Discount,Monday,Evening (17:00-21:00),500.0,1500,1200,1,0,0,0,0,0,0.0,0,0.0,5.2
REC0950,Client_D,B2B Tech/SaaS,LinkedIn,Video,Industry News,Friday,Night (21:00-08:00),68.93,1052,932,5,0,0,0,17,0,0.0,427,4942.08,24.05
REC0951,Client_D,B2B Tech/SaaS,Instagram,Reel,Promotional/Discount,Tuesday,Night (21:00-08:00),0.0,1740,1262,18,2,1,1,27,2,272.76,726,5765.29,43.59
REC0952,Client_J,Travel & Hospitality,Facebook,Video,Promotional/Discount,Saturday,Evening (17:00-21:00),0.0,548,463,13,1,0,1,9,0,0.0,228,1727.86,35.83
REC0953,Client_H,Real Estate,LinkedIn,Video,Meme/Trending,Saturday,Afternoon (12:00-17:00),45.73,790,638,18,2,1,1,11,0,0.0,374,1282.56,39.15
REC0954,Client_I,E-Learning & Education,Instagram,Reel,Meme/Trending,Friday,Night (21:00-08:00),0.0,1017,721,11,1,0,0,8,0,0.0,485,4894.98,29.32
REC0955,Client_F,Fintech & Finance,Instagram,Reel,Behind the Scenes,Friday,Morning (08:00-12:00),0.0,1042,808,32,4,1,2,9,0,0.0,525,7282.72,46.55
REC0956,Client_G,Health & Fitness,Facebook,Video,Lifestyle/Aesthetic,Saturday,Morning (08:00-12:00),0.0,653,546,10,1,0,0,4,0,0.0,228,2686.13,30.34
REC0957,Client_H,Real Estate,Facebook,Video,Product Education,Sunday,Afternoon (12:00-17:00),0.0,792,615,6,0,0,0,6,0,0.0,402,5186.24,25.7
REC0958,Client_A,Fashion & Retail,Instagram,Image,Behind the Scenes,Friday,Morning (08:00-12:00),0.0,471,306,13,1,1,0,3,0,0.0,0,0.0,47.45
REC0959,Client_I,E-Learning & Education,LinkedIn,Video,Behind the Scenes,Tuesday,Morning (08:00-12:00),0.0,531,442,18,1,1,1,4,0,0.0,236,1167.83,45.37
REC0960,Client_F,Fintech & Finance,YouTube,Video,Promotional/Discount,Sunday,Afternoon (12:00-17:00),191.06,2815,2202,37,3,2,1,65,4,490.36,1195,10837.93,50.01
REC0961,Client_F,Fintech & Finance,YouTube,Shorts,Product Education,Sunday,Evening (17:00-21:00),0.0,665,445,7,0,0,0,6,0,0.0,343,2899.33,29.24
REC0962,Client_H,Real Estate,LinkedIn,Video,Lifestyle/Aesthetic,Sunday,Night (21:00-08:00),0.0,379,270,1,0,0,0,3,0,0.0,163,2145.15,20.77
REC0963,Client_B,Fashion & Retail,Instagram,Carousel,Industry News,Sunday,Evening (17:00-21:00),0.0,940,668,47,3,4,1,8,0,0.0,0,0.0,59.27
REC0964,Client_E,Food & Beverage,Instagram,Carousel,Meme/Trending,Saturday,Night (21:00-08:00),0.0,793,548,64,10,5,6,6,0,0.0,0,0.0,58.69
REC0965,Client_F,Fintech & Finance,Instagram,Carousel,Behind the Scenes,Tuesday,Night (21:00-08:00),0.0,782,549,9,1,1,0,6,0,0.0,0,0.0,31.5
REC0966,Client_E,Food & Beverage,Instagram,Carousel,Meme/Trending,Tuesday,Evening (17:00-21:00),0.0,604,428,38,4,2,1,4,0,0.0,0,0.0,57.96
REC0967,Client_B,Fashion & Retail,Instagram,Carousel,Meme/Trending,Saturday,Evening (17:00-21:00),0.0,807,547,62,9,6,4,6,0,0.0,0,0.0,58.68
REC0968,Client_F,Fintech & Finance,YouTube,Shorts,Behind the Scenes,Sunday,Night (21:00-08:00),0.0,1056,794,7,0,0,0,9,0,0.0,529,5053.93,26.01
REC0969,Client_D,B2B Tech/SaaS,LinkedIn,Video,Product Education,Sunday,Morning (08:00-12:00),121.27,1605,1334,28,3,1,2,29,2,276.26,562,4728.53,48.1
REC0970,Client_A,Fashion & Retail,YouTube,Video,Lifestyle/Aesthetic,Wednesday,Afternoon (12:00-17:00),68.87,1547,1385,46,6,1,2,23,0,0.0,794,5948.68,42.18
REC0971,Client_D,B2B Tech/SaaS,LinkedIn,Carousel,Meme/Trending,Monday,Morning (08:00-12:00),255.42,2560,2081,94,8,8,7,60,2,313.35,0,0.0,62.51
REC0972,Client_F,Fintech & Finance,YouTube,Video,Customer Testimonial,Monday,Morning (08:00-12:00),41.22,1588,1218,38,4,2,2,17,1,124.74,769,4658.46,55.22
REC0973,Client_E,Food & Beverage,Facebook,Video,Promotional/Discount,Wednesday,Night (21:00-08:00),0.0,641,554,6,0,0,0,7,0,0.0,325,1531.31,27.49
REC0974,Client_D,B2B Tech/SaaS,LinkedIn,Carousel,Product Education,Sunday,Night (21:00-08:00),0.0,374,334,0,0,0,0,2,0,0.0,0,0.0,18.89
REC0975,Client_E,Food & Beverage,Facebook,Video,Behind the Scenes,Monday,Night (21:00-08:00),0.0,546,459,11,1,0,0,4,0,0.0,242,2701.34,33.51
REC0976,Client_A,Fashion & Retail,Facebook,Text,Promotional/Discount,Wednesday,Night (21:00-08:00),0.0,231,151,2,0,0,0,3,0,0.0,0,0.0,26.85
REC0977,Client_D,B2B Tech/SaaS,LinkedIn,Text,Product Education,Tuesday,Afternoon (12:00-17:00),500.0,1500,1200,1,0,0,0,0,0,0.0,0,0.0,5.2
REC0978,Client_E,Food & Beverage,Instagram,Reel,Behind the Scenes,Saturday,Afternoon (12:00-17:00),0.0,1106,923,68,7,6,7,10,0,0.0,452,3749.67,60.23
REC0979,Client_F,Fintech & Finance,LinkedIn,Image,Behind the Scenes,Friday,Night (21:00-08:00),0.0,504,334,2,0,0,0,4,0,0.0,0,0.0,23.05
REC0980,Client_B,Fashion & Retail,Instagram,Video,Industry News,Wednesday,Night (21:00-08:00),0.0,921,792,25,3,1,2,7,0,0.0,447,4740.99,41.99
REC0981,Client_E,Food & Beverage,YouTube,Video,Customer Testimonial,Monday,Evening (17:00-21:00),392.89,4411,3753,106,12,6,9,94,7,188.81,2116,24767.13,56.21
REC0982,Client_B,Fashion & Retail,YouTube,Video,Customer Testimonial,Tuesday,Night (21:00-08:00),0.0,871,660,19,2,1,1,6,0,0.0,471,4711.58,40.69
REC0983,Client_D,B2B Tech/SaaS,Instagram,Carousel,Behind the Scenes,Saturday,Morning (08:00-12:00),60.8,1265,982,41,2,3,2,19,1,145.27,0,0.0,58.07
REC0984,Client_C,B2B Tech/SaaS,LinkedIn,Image,Customer Testimonial,Thursday,Morning (08:00-12:00),0.0,357,289,15,1,1,1,2,0,0.0,0,0.0,54.14
REC0985,Client_H,Real Estate,Instagram,Carousel,Industry News,Thursday,Night (21:00-08:00),0.0,855,721,13,1,0,0,6,0,0.0,0,0.0,30.68
REC0986,Client_E,Food & Beverage,Facebook,Carousel,Promotional/Discount,Sunday,Afternoon (12:00-17:00),229.78,2534,1831,26,3,2,1,77,4,104.17,0,0.0,39.74
REC0987,Client_J,Travel & Hospitality,Instagram,Carousel,Industry News,Saturday,Afternoon (12:00-17:00),336.28,3894,2575,111,7,6,7,84,3,326.17,0,0.0,59.07
REC0988,Client_I,E-Learning & Education,LinkedIn,Image,Meme/Trending,Sunday,Night (21:00-08:00),0.0,376,315,3,0,0,0,3,0,0.0,0,0.0,25.79
REC0989,Client_J,Travel & Hospitality,Facebook,Video,Promotional/Discount,Wednesday,Night (21:00-08:00),77.43,1173,894,12,1,1,0,25,2,181.52,634,6958.12,41.38
REC0990,Client_J,Travel & Hospitality,Instagram,Carousel,Meme/Trending,Friday,Night (21:00-08:00),155.32,2134,1636,241,24,18,22,38,1,96.84,0,0.0,65.76
REC0991,Client_C,B2B Tech/SaaS,LinkedIn,Image,Meme/Trending,Sunday,Afternoon (12:00-17:00),79.0,1006,810,18,2,1,1,17,0,0.0,0,0.0,35.46
REC0992,Client_I,E-Learning & Education,YouTube,Shorts,Behind the Scenes,Sunday,Night (21:00-08:00),0.0,977,684,7,1,0,0,8,0,0.0,475,4468.81,25.96
REC0993,Client_F,Fintech & Finance,LinkedIn,Text,Customer Testimonial,Friday,Evening (17:00-21:00),0.0,4470,3799,24,0,0,0,2,0,0.0,0,0.0,98.5
REC0994,Client_J,Travel & Hospitality,Instagram,Reel,Industry News,Thursday,Afternoon (12:00-17:00),59.55,1695,1334,28,3,1,2,22,1,92.74,868,9671.69,43.88
REC0995,Client_A,Fashion & Retail,Instagram,Reel,Promotional/Discount,Thursday,Evening (17:00-21:00),0.0,1079,921,35,2,3,2,17,1,43.76,538,7232.44,51.3
REC0996,Client_F,Fintech & Finance,LinkedIn,Carousel,Promotional/Discount,Saturday,Afternoon (12:00-17:00),148.27,1753,1218,20,2,1,1,51,2,227.49,0,0.0,40.78
REC0997,Client_H,Real Estate,Facebook,Carousel,Product Education,Tuesday,Morning (08:00-12:00),0.0,585,392,9,1,0,0,4,0,0.0,0,0.0,33.41
REC0998,Client_I,E-Learning & Education,LinkedIn,Text,Industry News,Monday,Morning (08:00-12:00),0.0,260,183,3,0,0,0,2,0,0.0,0,0.0,29.08
REC0999,Client_F,Fintech & Finance,Facebook,Video,Promotional/Discount,Sunday,Morning (08:00-12:00),0.0,655,483,6,0,0,0,8,0,0.0,325,3613.68,27.04
REC1000,Client_I,E-Learning & Education,Instagram,Carousel,Industry News,Friday,Morning (08:00-12:00),182.35,2214,1623,55,8,5,4,43,0,0.0,0,0.0,46.46
REC1001,Client_C,B2B Tech/SaaS,Instagram,Image,Behind the Scenes,Saturday,Afternoon (12:00-17:00),0.0,484,423,19,1,0,0,3,0,0.0,0,0.0,47.67
REC1002,Client_F,Fintech & Finance,YouTube,Video,Lifestyle/Aesthetic,Tuesday,Evening (17:00-21:00),68.86,1876,1580,58,7,3,6,27,1,124.77,957,11150.95,55.64
REC1003,Client_F,Fintech & Finance,YouTube,Video,Lifestyle/Aesthetic,Thursday,Night (21:00-08:00),64.42,1614,1172,25,3,1,1,19,0,0.0,587,4768.47,35.64
REC1004,Client_J,Travel & Hospitality,LinkedIn,Video,Product Education,Tuesday,Evening (17:00-21:00),0.0,476,337,5,0,0,0,3,0,0.0,245,3602.38,29.77
REC1005,Client_J,Travel & Hospitality,Facebook,Image,Meme/Trending,Saturday,Night (21:00-08:00),88.94,1117,926,43,4,2,2,20,0,0.0,0,0.0,51.97
REC1006,Client_B,Fashion & Retail,Instagram,Reel,Product Education,Friday,Night (21:00-08:00),0.0,1173,943,84,8,3,4,8,0,0.0,466,1409.22,60.29
REC1007,Client_D,B2B Tech/SaaS,LinkedIn,Image,Meme/Trending,Thursday,Night (21:00-08:00),0.0,360,321,6,0,0,0,2,0,0.0,0,0.0,31.83
REC1008,Client_A,Fashion & Retail,Facebook,Text,Customer Testimonial,Friday,Evening (17:00-21:00),203.72,2120,1512,58,5,4,5,45,3,134.77,0,0.0,55.57
REC1009,Client_I,E-Learning & Education,YouTube,Video,Lifestyle/Aesthetic,Saturday,Afternoon (12:00-17:00),116.05,1880,1324,46,4,3,4,32,1,51.57,960,10231.37,46.39
REC1010,Client_G,Health & Fitness,LinkedIn,Text,Customer Testimonial,Thursday,Evening (17:00-21:00),0.0,245,181,4,0,0,0,1,0,0.0,0,0.0,33.07
REC1011,Client_D,B2B Tech/SaaS,LinkedIn,Text,Customer Testimonial,Thursday,Evening (17:00-21:00),0.0,210,160,3,0,0,0,1,0,0.0,0,0.0,33.78
REC1012,Client_A,Fashion & Retail,Instagram,Reel,Promotional/Discount,Tuesday,Morning (08:00-12:00),37.84,1657,1323,22,2,1,1,29,2,97.16,712,5426.51,44.2
REC1013,Client_E,Food & Beverage,Instagram,Carousel,Meme/Trending,Saturday,Morning (08:00-12:00),241.38,2961,2376,136,21,7,14,55,1,23.5,0,0.0,64.5
REC1014,Client_I,E-Learning & Education,Facebook,Text,Meme/Trending,Monday,Afternoon (12:00-17:00),0.0,277,228,5,0,0,0,2,0,0.0,0,0.0,33.0
REC1015,Client_F,Fintech & Finance,LinkedIn,Image,Customer Testimonial,Monday,Morning (08:00-12:00),0.0,351,244,5,0,0,0,2,0,0.0,0,0.0,32.43
REC1016,Client_A,Fashion & Retail,Facebook,Image,Lifestyle/Aesthetic,Saturday,Afternoon (12:00-17:00),0.0,377,336,5,0,0,0,3,0,0.0,0,0.0,27.78
REC1017,Client_D,B2B Tech/SaaS,LinkedIn,Image,Product Education,Wednesday,Night (21:00-08:00),0.0,322,288,3,0,0,0,2,0,0.0,0,0.0,26.19
REC1018,Client_C,B2B Tech/SaaS,LinkedIn,Text,Industry News,Saturday,Evening (17:00-21:00),0.0,368,287,2,0,0,0,2,0,0.0,0,0.0,22.78
REC1019,Client_D,B2B Tech/SaaS,Instagram,Image,Promotional/Discount,Wednesday,Night (21:00-08:00),13.42,668,447,6,0,0,0,13,0,0.0,0,0.0,28.63
REC1020,Client_B,Fashion & Retail,Instagram,Carousel,Behind the Scenes,Thursday,Evening (17:00-21:00),92.53,1436,1047,54,8,3,1,23,0,0.0,0,0.0,54.22
REC1021,Client_I,E-Learning & Education,Instagram,Carousel,Meme/Trending,Wednesday,Morning (08:00-12:00),645.24,6440,4710,511,51,31,14,144,8,415.23,0,0.0,79.47
REC1022,Client_E,Food & Beverage,Facebook,Text,Meme/Trending,Thursday,Afternoon (12:00-17:00),313.55,2960,2313,35,4,3,0,74,1,23.83,0,0.0,34.14
REC1023,Client_F,Fintech & Finance,Facebook,Video,Meme/Trending,Wednesday,Evening (17:00-21:00),0.0,513,451,9,1,0,0,4,0,0.0,193,1507.28,33.35
REC1024,Client_E,Food & Beverage,Instagram,Reel,Behind the Scenes,Tuesday,Morning (08:00-12:00),0.0,1539,1018,27,3,2,1,13,0,0.0,781,9018.93,38.35
REC1025,Client_A,Fashion & Retail,Instagram,Reel,Promotional/Discount,Monday,Night (21:00-08:00),294.65,3672,2862,127,13,12,7,103,8,359.58,1914,18286.08,67.49
REC1026,Client_G,Health & Fitness,Facebook,Video,Behind the Scenes,Sunday,Morning (08:00-12:00),0.0,519,357,5,0,0,0,4,0,0.0,244,2668.8,27.88
REC1027,Client_I,E-Learning & Education,Facebook,Text,Promotional/Discount,Wednesday,Night (21:00-08:00),0.0,266,203,0,0,0,0,4,0,0.0,0,0.0,20.04
REC1028,Client_I,E-Learning & Education,YouTube,Shorts,Industry News,Friday,Afternoon (12:00-17:00),0.0,802,649,14,2,0,0,7,0,0.0,299,3905.18,34.85
REC1029,Client_F,Fintech & Finance,Facebook,Image,Product Education,Friday,Afternoon (12:00-17:00),0.0,459,350,3,0,0,0,4,0,0.0,0,0.0,24.05
REC1030,Client_C,B2B Tech/SaaS,LinkedIn,Image,Customer Testimonial,Tuesday,Night (21:00-08:00),15.02,512,459,6,0,0,0,6,0,0.0,0,0.0,26.91
REC1031,Client_F,Fintech & Finance,LinkedIn,Text,Industry News,Sunday,Night (21:00-08:00),0.0,346,249,0,0,0,0,3,0,0.0,0,0.0,20.11
REC1032,Client_G,Health & Fitness,Facebook,Image,Product Education,Saturday,Afternoon (12:00-17:00),137.57,1532,1072,20,1,1,0,34,2,129.08,0,0.0,39.14
REC1033,Client_I,E-Learning & Education,LinkedIn,Image,Industry News,Monday,Evening (17:00-21:00),0.0,4965,4220,36,0,0,0,2,0,0.0,0,0.0,98.5
REC1034,Client_B,Fashion & Retail,YouTube,Shorts,Promotional/Discount,Sunday,Morning (08:00-12:00),0.0,1091,787,25,2,1,1,13,1,46.28,572,7103.12,45.46
REC1035,Client_I,E-Learning & Education,Instagram,Carousel,Industry News,Sunday,Evening (17:00-21:00),0.0,839,726,12,1,0,0,6,0,0.0,0,0.0,30.88
REC1036,Client_I,E-Learning & Education,Facebook,Video,Industry News,Sunday,Morning (08:00-12:00),0.0,575,451,5,0,0,0,4,0,0.0,279,2347.59,26.65
REC1037,Client_D,B2B Tech/SaaS,LinkedIn,Text,Product Education,Thursday,Afternoon (12:00-17:00),0.0,258,170,6,0,0,0,2,0,0.0,0,0.0,39.87
REC1038,Client_F,Fintech & Finance,LinkedIn,Text,Customer Testimonial,Monday,Evening (17:00-21:00),0.0,336,247,3,0,0,0,2,0,0.0,0,0.0,26.27
REC1039,Client_E,Food & Beverage,Instagram,Carousel,Behind the Scenes,Sunday,Night (21:00-08:00),0.0,892,582,57,7,2,4,6,0,0.0,0,0.0,58.87
REC1040,Client_F,Fintech & Finance,Facebook,Carousel,Customer Testimonial,Thursday,Morning (08:00-12:00),352.77,3300,2742,81,5,5,5,76,6,787.89,0,0.0,58.71
REC1041,Client_J,Travel & Hospitality,Facebook,Image,Behind the Scenes,Tuesday,Morning (08:00-12:00),0.0,448,323,2,0,0,0,3,0,0.0,0,0.0,24.13
REC1042,Client_A,Fashion & Retail,Instagram,Reel,Product Education,Saturday,Morning (08:00-12:00),0.0,1360,1030,32,4,1,1,10,0,0.0,525,1637.71,43.03
REC1043,Client_J,Travel & Hospitality,YouTube,Video,Meme/Trending,Monday,Afternoon (12:00-17:00),44.6,1010,801,39,5,1,1,14,0,0.0,480,2751.64,49.45
REC1044,Client_J,Travel & Hospitality,Facebook,Video,Promotional/Discount,Saturday,Afternoon (12:00-17:00),0.0,723,640,5,0,0,0,8,0,0.0,327,2575.22,25.62
REC1045,Client_G,Health & Fitness,YouTube,Shorts,Lifestyle/Aesthetic,Thursday,Afternoon (12:00-17:00),42.08,1528,1052,33,4,2,3,16,0,0.0,814,10016.87,40.4
REC1046,Client_G,Health & Fitness,Facebook,Video,Customer Testimonial,Thursday,Night (21:00-08:00),0.0,611,538,12,1,1,0,5,0,0.0,224,1577.48,34.04
REC1047,Client_F,Fintech & Finance,YouTube,Shorts,Product Education,Tuesday,Morning (08:00-12:00),12.81,1532,1036,56,5,5,2,15,0,0.0,708,7720.98,58.0
REC1048,Client_C,B2B Tech/SaaS,LinkedIn,Text,Behind the Scenes,Sunday,Evening (17:00-21:00),298.31,2821,2237,40,6,3,3,66,3,484.11,0,0.0,45.99
REC1049,Client_A,Fashion & Retail,Instagram,Reel,Lifestyle/Aesthetic,Thursday,Evening (17:00-21:00),0.0,1389,1247,69,11,5,6,11,0,0.0,575,8102.47,60.38
REC1050,Client_E,Food & Beverage,Instagram,Video,Industry News,Sunday,Evening (17:00-21:00),17.64,531,355,17,2,0,0,5,0,0.0,224,1887.18,51.92
REC1051,Client_G,Health & Fitness,LinkedIn,Image,Product Education,Tuesday,Night (21:00-08:00),0.0,378,263,6,0,0,0,3,0,0.0,0,0.0,33.58
REC1052,Client_C,B2B Tech/SaaS,Instagram,Carousel,Promotional/Discount,Friday,Evening (17:00-21:00),0.0,682,547,8,0,0,0,12,0,0.0,0,0.0,28.9
REC1053,Client_E,Food & Beverage,YouTube,Video,Lifestyle/Aesthetic,Saturday,Evening (17:00-21:00),0.0,1154,810,67,7,6,3,7,0,0.0,568,8227.64,59.84
REC1054,Client_G,Health & Fitness,YouTube,Video,Behind the Scenes,Saturday,Afternoon (12:00-17:00),0.0,1333,954,49,5,2,3,12,0,0.0,520,6516.7,54.41
REC1055,Client_C,B2B Tech/SaaS,Instagram,Reel,Customer Testimonial,Saturday,Night (21:00-08:00),14.69,1428,1181,13,1,1,0,13,0,0.0,754,10126.37,29.19
REC1056,Client_H,Real Estate,YouTube,Shorts,Lifestyle/Aesthetic,Friday,Night (21:00-08:00),228.63,3574,3127,29,2,3,3,62,2,573.93,1607,22842.5,42.85
REC1057,Client_D,B2B Tech/SaaS,LinkedIn,Video,Product Education,Thursday,Evening (17:00-21:00),27.66,766,522,12,1,0,0,11,0,0.0,279,2779.49,35.15
REC1058,Client_D,B2B Tech/SaaS,Instagram,Carousel,Promotional/Discount,Friday,Afternoon (12:00-17:00),0.0,675,444,11,0,1,1,9,0,0.0,0,0.0,34.88
REC1059,Client_F,Fintech & Finance,Facebook,Image,Lifestyle/Aesthetic,Friday,Morning (08:00-12:00),596.19,5501,3843,47,6,3,4,137,4,473.84,0,0.0,41.33
REC1060,Client_H,Real Estate,Facebook,Carousel,Promotional/Discount,Saturday,Afternoon (12:00-17:00),71.24,1348,1058,9,0,0,0,29,2,576.63,0,0.0,56.73
REC1061,Client_F,Fintech & Finance,LinkedIn,Text,Product Education,Monday,Evening (17:00-21:00),237.01,2354,2007,31,3,1,3,54,3,345.08,0,0.0,42.0
REC1062,Client_H,Real Estate,Instagram,Carousel,Lifestyle/Aesthetic,Saturday,Afternoon (12:00-17:00),0.0,852,709,27,4,2,0,6,0,0.0,0,0.0,46.56
REC1063,Client_E,Food & Beverage,Instagram,Reel,Promotional/Discount,Thursday,Evening (17:00-21:00),103.64,2191,1957,58,7,3,2,54,2,46.12,968,10557.63,46.75
REC1064,Client_I,E-Learning & Education,Instagram,Reel,Industry News,Thursday,Evening (17:00-21:00),0.0,1049,730,26,3,2,1,8,0,0.0,514,3812.25,46.15
REC1065,Client_I,E-Learning & Education,Instagram,Carousel,Customer Testimonial,Wednesday,Morning (08:00-12:00),0.0,878,620,49,6,4,2,5,0,0.0,0,0.0,59.05
REC1066,Client_A,Fashion & Retail,Facebook,Video,Customer Testimonial,Friday,Morning (08:00-12:00),235.18,2511,1672,33,3,3,2,57,3,139.96,1311,11475.1,42.74
REC1067,Client_I,E-Learning & Education,Facebook,Video,Industry News,Monday,Night (21:00-08:00),430.6,4416,3597,13,1,1,0,98,4,211.29,2150,23775.57,34.71
REC1068,Client_I,E-Learning & Education,Facebook,Image,Behind the Scenes,Sunday,Afternoon (12:00-17:00),0.0,371,285,4,0,0,0,3,0,0.0,0,0.0,25.68
REC1069,Client_E,Food & Beverage,Instagram,Carousel,Industry News,Saturday,Afternoon (12:00-17:00),484.11,4957,4010,144,12,14,8,114,4,104.55,0,0.0,56.1
REC1070,Client_F,Fintech & Finance,Facebook,Image,Behind the Scenes,Monday,Evening (17:00-21:00),0.0,365,300,2,0,0,0,3,0,0.0,0,0.0,23.01
REC1071,Client_I,E-Learning & Education,Facebook,Video,Customer Testimonial,Monday,Afternoon (12:00-17:00),0.0,649,546,6,0,0,0,5,0,0.0,292,3869.92,27.01
REC1072,Client_I,E-Learning & Education,Facebook,Text,Product Education,Wednesday,Night (21:00-08:00),0.0,329,225,1,0,0,0,2,0,0.0,0,0.0,20.8
REC1073,Client_I,E-Learning & Education,Instagram,Reel,Product Education,Sunday,Afternoon (12:00-17:00),19.11,1764,1206,40,3,4,1,17,1,45.12,799,3350.74,53.74
REC1074,Client_C,B2B Tech/SaaS,LinkedIn,Text,Lifestyle/Aesthetic,Saturday,Night (21:00-08:00),0.0,279,203,0,0,0,0,1,0,0.0,0,0.0,19.75
REC1075,Client_D,B2B Tech/SaaS,LinkedIn,Image,Lifestyle/Aesthetic,Thursday,Evening (17:00-21:00),19.84,531,431,14,1,0,1,6,0,0.0,0,0.0,41.69
REC1076,Client_A,Fashion & Retail,YouTube,Video,Lifestyle/Aesthetic,Thursday,Afternoon (12:00-17:00),226.56,3135,2731,98,15,10,6,54,2,87.06,1595,7918.03,52.27
REC1077,Client_D,B2B Tech/SaaS,LinkedIn,Carousel,Meme/Trending,Sunday,Morning (08:00-12:00),0.0,577,436,14,2,0,1,3,0,0.0,0,0.0,42.05
REC1078,Client_E,Food & Beverage,Facebook,Image,Lifestyle/Aesthetic,Thursday,Night (21:00-08:00),0.0,359,292,6,0,0,0,3,0,0.0,0,0.0,31.81
REC1079,Client_E,Food & Beverage,Instagram,Image,Product Education,Tuesday,Morning (08:00-12:00),0.0,617,498,14,1,1,0,5,0,0.0,0,0.0,37.16
REC1080,Client_G,Health & Fitness,YouTube,Shorts,Industry News,Thursday,Evening (17:00-21:00),259.45,3302,2239,66,9,5,2,61,2,109.56,1419,15601.65,46.18
REC1081,Client_H,Real Estate,LinkedIn,Image,Industry News,Thursday,Morning (08:00-12:00),0.0,6465,5495,168,1,0,0,3,0,0.0,0,0.0,98.5
REC1082,Client_D,B2B Tech/SaaS,LinkedIn,Carousel,Lifestyle/Aesthetic,Thursday,Morning (08:00-12:00),21.04,595,528,19,2,1,0,7,0,0.0,0,0.0,43.38
REC1083,Client_F,Fintech & Finance,Instagram,Carousel,Industry News,Thursday,Night (21:00-08:00),0.0,924,780,12,1,0,0,7,0,0.0,0,0.0,29.81
REC1084,Client_H,Real Estate,Instagram,Image,Customer Testimonial,Monday,Afternoon (12:00-17:00),0.0,355,318,9,1,0,0,3,0,0.0,0,0.0,37.75
REC1085,Client_E,Food & Beverage,Instagram,Reel,Meme/Trending,Friday,Night (21:00-08:00),0.0,1221,839,143,11,12,5,10,0,0.0,460,3117.7,59.95
REC1086,Client_E,Food & Beverage,Facebook,Image,Promotional/Discount,Friday,Night (21:00-08:00),0.0,442,361,8,0,0,0,6,0,0.0,0,0.0,31.59
REC1087,Client_H,Real Estate,Instagram,Image,Customer Testimonial,Thursday,Morning (08:00-12:00),70.36,1378,1029,87,9,3,4,21,1,314.99,0,0.0,78.84
REC1088,Client_E,Food & Beverage,Instagram,Reel,Industry News,Friday,Night (21:00-08:00),454.42,4657,3834,262,31,20,11,110,5,116.32,1968,8275.74,72.91
REC1089,Client_I,E-Learning & Education,Instagram,Carousel,Behind the Scenes,Wednesday,Morning (08:00-12:00),0.0,796,648,68,4,2,3,7,0,0.0,0,0.0,59.18
REC1090,Client_H,Real Estate,LinkedIn,Image,Product Education,Sunday,Night (21:00-08:00),196.11,1967,1491,10,0,0,0,44,3,904.46,0,0.0,48.0
REC1091,Client_B,Fashion & Retail,Instagram,Image,Product Education,Tuesday,Morning (08:00-12:00),234.99,2710,1950,43,3,3,2,59,4,175.55,0,0.0,45.0
REC1092,Client_C,B2B Tech/SaaS,LinkedIn,Image,Industry News,Wednesday,Evening (17:00-21:00),0.0,368,241,4,0,0,0,2,0,0.0,0,0.0,30.65
REC1093,Client_B,Fashion & Retail,Facebook,Video,Lifestyle/Aesthetic,Saturday,Night (21:00-08:00),0.0,586,431,17,2,1,1,5,0,0.0,214,2473.71,42.37
REC1094,Client_E,Food & Beverage,Instagram,Carousel,Industry News,Sunday,Morning (08:00-12:00),0.0,762,591,22,2,1,2,6,0,0.0,0,0.0,42.54
REC1095,Client_F,Fintech & Finance,YouTube,Video,Behind the Scenes,Thursday,Evening (17:00-21:00),0.0,888,701,33,3,2,1,6,0,0.0,419,1778.98,48.46
REC1096,Client_I,E-Learning & Education,Instagram,Carousel,Meme/Trending,Friday,Evening (17:00-21:00),0.0,995,654,24,2,2,1,8,0,0.0,0,0.0,45.09
REC1097,Client_A,Fashion & Retail,Instagram,Reel,Industry News,Thursday,Evening (17:00-21:00),215.43,3167,2695,98,9,4,3,59,3,139.07,1199,17048.29,52.71
REC1098,Client_C,B2B Tech/SaaS,Instagram,Carousel,Promotional/Discount,Wednesday,Night (21:00-08:00),0.0,1022,891,16,2,1,1,14,0,0.0,0,0.0,31.66
REC1099,Client_J,Travel & Hospitality,Facebook,Text,Lifestyle/Aesthetic,Saturday,Evening (17:00-21:00),0.0,345,246,7,0,0,0,2,0,0.0,0,0.0,39.53
REC1100,Client_A,Fashion & Retail,Instagram,Carousel,Customer Testimonial,Thursday,Afternoon (12:00-17:00),0.0,473,338,8,1,0,0,4,0,0.0,0,0.0,36.16
REC1101,Client_A,Fashion & Retail,Facebook,Image,Behind the Scenes,Sunday,Night (21:00-08:00),0.0,540,468,20,2,1,1,5,0,0.0,0,0.0,45.61
REC1102,Client_D,B2B Tech/SaaS,LinkedIn,Carousel,Industry News,Wednesday,Evening (17:00-21:00),453.05,4264,3201,76,9,4,4,102,2,280.73,0,0.0,43.36
REC1103,Client_H,Real Estate,Instagram,Carousel,Product Education,Saturday,Night (21:00-08:00),0.0,656,526,4,0,0,0,6,0,0.0,0,0.0,25.05
REC1104,Client_H,Real Estate,Facebook,Video,Lifestyle/Aesthetic,Saturday,Morning (08:00-12:00),89.23,1638,1216,25,2,2,2,27,1,316.94,735,3188.52,49.38
REC1105,Client_J,Travel & Hospitality,Instagram,Reel,Promotional/Discount,Sunday,Afternoon (12:00-17:00),94.52,1792,1495,61,6,4,2,40,2,192.31,949,9389.79,58.21
REC1106,Client_I,E-Learning & Education,Instagram,Carousel,Meme/Trending,Wednesday,Afternoon (12:00-17:00),0.0,816,643,51,6,3,2,7,0,0.0,0,0.0,59.16
REC1107,Client_C,B2B Tech/SaaS,Instagram,Carousel,Lifestyle/Aesthetic,Saturday,Morning (08:00-12:00),0.0,780,687,31,4,2,1,5,0,0.0,0,0.0,50.99
REC1108,Client_F,Fintech & Finance,LinkedIn,Image,Meme/Trending,Tuesday,Afternoon (12:00-17:00),0.0,407,335,17,1,0,0,2,0,0.0,0,0.0,51.49
REC1109,Client_A,Fashion & Retail,Instagram,Carousel,Meme/Trending,Sunday,Evening (17:00-21:00),51.9,1267,981,113,9,7,5,16,0,0.0,0,0.0,60.41
REC1110,Client_B,Fashion & Retail,YouTube,Video,Meme/Trending,Monday,Night (21:00-08:00),352.82,4273,2841,182,16,12,16,84,2,82.17,1563,18944.45,67.43
REC1111,Client_H,Real Estate,Facebook,Text,Meme/Trending,Sunday,Night (21:00-08:00),0.0,345,279,1,0,0,0,2,0,0.0,0,0.0,20.66
REC1112,Client_E,Food & Beverage,YouTube,Video,Behind the Scenes,Thursday,Evening (17:00-21:00),154.48,2380,2098,92,8,6,7,42,2,45.25,1170,8147.8,56.22
REC1113,Client_C,B2B Tech/SaaS,LinkedIn,Carousel,Industry News,Monday,Afternoon (12:00-17:00),0.0,531,475,5,0,0,0,3,0,0.0,0,0.0,27.04
REC1114,Client_G,Health & Fitness,LinkedIn,Image,Promotional/Discount,Thursday,Afternoon (12:00-17:00),41.37,641,443,5,0,0,0,16,1,55.29,0,0.0,33.44
REC1115,Client_C,B2B Tech/SaaS,Instagram,Video,Lifestyle/Aesthetic,Tuesday,Afternoon (12:00-17:00),0.0,769,671,52,6,2,4,5,0,0.0,309,3379.28,59.29
REC1116,Client_C,B2B Tech/SaaS,Instagram,Reel,Promotional/Discount,Tuesday,Afternoon (12:00-17:00),0.0,1201,885,47,4,2,1,21,1,147.26,618,5909.11,58.14
REC1117,Client_E,Food & Beverage,Instagram,Carousel,Meme/Trending,Friday,Afternoon (12:00-17:00),22.02,1046,857,78,9,7,2,10,0,0.0,0,0.0,60.01
REC1118,Client_C,B2B Tech/SaaS,LinkedIn,Text,Industry News,Thursday,Evening (17:00-21:00),0.0,403,288,6,0,0,0,3,0,0.0,0,0.0,31.99
REC1119,Client_D,B2B Tech/SaaS,LinkedIn,Carousel,Customer Testimonial,Thursday,Evening (17:00-21:00),0.0,551,430,9,1,0,0,3,0,0.0,0,0.0,32.41
REC1120,Client_I,E-Learning & Education,LinkedIn,Text,Lifestyle/Aesthetic,Wednesday,Evening (17:00-21:00),52.89,753,668,21,3,2,1,13,0,0.0,0,0.0,42.89
REC1121,Client_D,B2B Tech/SaaS,Instagram,Reel,Meme/Trending,Wednesday,Evening (17:00-21:00),360.45,4400,3491,243,32,21,26,89,2,311.02,2401,12308.89,70.4
REC1122,Client_C,B2B Tech/SaaS,YouTube,Video,Customer Testimonial,Sunday,Night (21:00-08:00),310.78,3675,3089,28,4,1,2,69,5,771.41,1469,13350.01,46.26
REC1123,Client_E,Food & Beverage,Facebook,Video,Product Education,Tuesday,Morning (08:00-12:00),733.43,6743,5230,50,4,4,2,157,9,227.86,3339,29325.4,46.31
REC1124,Client_D,B2B Tech/SaaS,Instagram,Reel,Customer Testimonial,Thursday,Evening (17:00-21:00),166.86,2648,2060,100,9,7,7,43,2,312.97,1155,15789.33,62.9
REC1125,Client_G,Health & Fitness,Instagram,Reel,Product Education,Thursday,Evening (17:00-21:00),0.0,1139,1000,44,2,3,3,10,0,0.0,408,2371.48,47.02
REC1126,Client_H,Real Estate,LinkedIn,Text,Product Education,Tuesday,Evening (17:00-21:00),330.51,3070,2434,53,5,4,5,76,4,1315.19,0,0.0,58.7
REC1127,Client_B,Fashion & Retail,Instagram,Carousel,Customer Testimonial,Friday,Morning (08:00-12:00),0.0,529,454,24,3,2,1,4,0,0.0,0,0.0,51.58
REC1128,Client_B,Fashion & Retail,YouTube,Video,Industry News,Saturday,Morning (08:00-12:00),0.0,975,834,23,1,2,1,6,0,0.0,465,2970.94,39.57
REC1129,Client_E,Food & Beverage,Instagram,Image,Industry News,Monday,Night (21:00-08:00),179.41,2029,1574,83,7,3,4,42,0,0.0,0,0.0,53.99
REC1130,Client_H,Real Estate,Facebook,Image,Meme/Trending,Tuesday,Night (21:00-08:00),0.0,387,331,4,0,0,0,2,0,0.0,0,0.0,25.08
REC1131,Client_E,Food & Beverage,Facebook,Image,Promotional/Discount,Wednesday,Morning (08:00-12:00),242.99,2425,1667,13,1,0,0,70,4,105.02,0,0.0,35.55
REC1132,Client_F,Fintech & Finance,LinkedIn,Image,Meme/Trending,Saturday,Night (21:00-08:00),0.0,284,207,2,0,0,0,2,0,0.0,0,0.0,24.21
REC1133,Client_I,E-Learning & Education,LinkedIn,Text,Meme/Trending,Friday,Afternoon (12:00-17:00),0.0,267,205,4,0,0,0,1,0,0.0,0,0.0,30.71
REC1134,Client_D,B2B Tech/SaaS,LinkedIn,Image,Industry News,Monday,Night (21:00-08:00),0.0,552,376,1,0,0,0,5,0,0.0,0,0.0,20.86
REC1135,Client_C,B2B Tech/SaaS,Facebook,Image,Meme/Trending,Sunday,Evening (17:00-21:00),54.88,931,644,8,0,0,0,15,0,0.0,0,0.0,28.22
REC1136,Client_G,Health & Fitness,Facebook,Carousel,Promotional/Discount,Wednesday,Afternoon (12:00-17:00),156.43,1656,1310,9,0,0,0,43,2,126.55,0,0.0,32.36
REC1137,Client_C,B2B Tech/SaaS,LinkedIn,Text,Behind the Scenes,Monday,Morning (08:00-12:00),0.0,200,150,2,0,0,0,1,0,0.0,0,0.0,28.26
REC1138,Client_G,Health & Fitness,YouTube,Shorts,Customer Testimonial,Sunday,Morning (08:00-12:00),165.64,2678,1901,60,8,5,2,44,2,129.38,1427,11453.74,47.32
REC1139,Client_C,B2B Tech/SaaS,YouTube,Shorts,Customer Testimonial,Tuesday,Night (21:00-08:00),76.38,1997,1432,34,3,2,2,29,1,141.61,964,13247.05,44.42
REC1140,Client_F,Fintech & Finance,Instagram,Reel,Meme/Trending,Friday,Night (21:00-08:00),0.0,865,762,15,2,0,0,7,0,0.0,386,4637.7,32.98
REC1141,Client_C,B2B Tech/SaaS,LinkedIn,Image,Promotional/Discount,Saturday,Evening (17:00-21:00),28.2,556,379,2,0,0,0,13,1,154.54,0,0.0,46.22
REC1142,Client_F,Fintech & Finance,LinkedIn,Text,Lifestyle/Aesthetic,Wednesday,Evening (17:00-21:00),0.0,360,314,7,0,0,0,2,0,0.0,0,0.0,32.93
REC1143,Client_E,Food & Beverage,Instagram,Reel,Behind the Scenes,Thursday,Afternoon (12:00-17:00),0.0,1258,841,22,1,1,1,11,0,0.0,625,8124.22,38.29
REC1144,Client_D,B2B Tech/SaaS,LinkedIn,Text,Industry News,Thursday,Afternoon (12:00-17:00),36.91,583,447,12,1,0,0,9,0,0.0,0,0.0,35.96
REC1145,Client_H,Real Estate,LinkedIn,Image,Product Education,Friday,Evening (17:00-21:00),185.39,1889,1264,14,1,1,0,42,2,635.64,0,0.0,45.58
REC1146,Client_I,E-Learning & Education,Instagram,Carousel,Lifestyle/Aesthetic,Saturday,Evening (17:00-21:00),0.0,632,441,17,1,1,1,6,0,0.0,0,0.0,42.22
REC1147,Client_I,E-Learning & Education,LinkedIn,Image,Lifestyle/Aesthetic,Tuesday,Morning (08:00-12:00),0.0,277,187,9,0,0,0,2,0,0.0,0,0.0,45.23
REC1148,Client_C,B2B Tech/SaaS,YouTube,Shorts,Lifestyle/Aesthetic,Saturday,Evening (17:00-21:00),0.0,1364,912,18,1,1,1,10,0,0.0,709,9511.19,34.69
REC1149,Client_B,Fashion & Retail,LinkedIn,Image,Meme/Trending,Saturday,Night (21:00-08:00),0.0,372,243,26,3,1,1,3,0,0.0,0,0.0,56.29
REC1150,Client_F,Fintech & Finance,LinkedIn,Carousel,Customer Testimonial,Thursday,Morning (08:00-12:00),0.0,442,395,17,2,1,0,3,0,0.0,0,0.0,50.15
REC1151,Client_F,Fintech & Finance,YouTube,Video,Lifestyle/Aesthetic,Sunday,Evening (17:00-21:00),130.83,2013,1543,29,3,1,0,37,2,225.97,921,5834.99,45.01
REC1152,Client_F,Fintech & Finance,LinkedIn,Carousel,Industry News,Thursday,Afternoon (12:00-17:00),18.18,668,517,17,1,1,1,7,0,0.0,0,0.0,41.17
REC1153,Client_E,Food & Beverage,Instagram,Image,Industry News,Sunday,Night (21:00-08:00),0.0,705,580,42,5,4,2,6,0,0.0,0,0.0,58.86
REC1154,Client_E,Food & Beverage,YouTube,Video,Promotional/Discount,Thursday,Night (21:00-08:00),67.96,1276,1044,27,2,1,0,29,1,22.78,679,4664.07,41.1
REC1155,Client_J,Travel & Hospitality,Instagram,Video,Meme/Trending,Tuesday,Afternoon (12:00-17:00),119.63,2087,1405,55,4,2,3,34,1,91.45,1103,11401.9,50.99
REC1156,Client_A,Fashion & Retail,Instagram,Carousel,Behind the Scenes,Wednesday,Evening (17:00-21:00),0.0,671,580,31,4,1,2,5,0,0.0,0,0.0,55.23
REC1157,Client_I,E-Learning & Education,Instagram,Reel,Promotional/Discount,Sunday,Morning (08:00-12:00),188.59,2462,2016,53,8,3,3,66,3,149.18,1302,14536.81,48.45
REC1158,Client_F,Fintech & Finance,LinkedIn,Image,Industry News,Saturday,Afternoon (12:00-17:00),0.0,385,319,4,0,0,0,2,0,0.0,0,0.0,26.83
REC1159,Client_G,Health & Fitness,YouTube,Video,Product Education,Friday,Night (21:00-08:00),0.0,17640,14994,984,11,90,20,14,0,0.0,489,4864.51,98.5
REC1160,Client_H,Real Estate,LinkedIn,Image,Customer Testimonial,Tuesday,Night (21:00-08:00),792.25,7131,5278,79,9,6,6,165,10,2960.4,0,0.0,64.14
REC1161,Client_A,Fashion & Retail,Instagram,Image,Promotional/Discount,Wednesday,Afternoon (12:00-17:00),0.0,684,474,12,1,1,1,10,0,0.0,0,0.0,35.61
REC1162,Client_D,B2B Tech/SaaS,LinkedIn,Carousel,Promotional/Discount,Monday,Evening (17:00-21:00),158.58,1782,1255,12,1,0,0,49,3,468.59,0,0.0,44.0
REC1163,Client_C,B2B Tech/SaaS,Instagram,Carousel,Customer Testimonial,Friday,Evening (17:00-21:00),23.49,914,710,16,1,0,1,9,0,0.0,0,0.0,34.26
REC1164,Client_H,Real Estate,LinkedIn,Carousel,Meme/Trending,Friday,Afternoon (12:00-17:00),0.0,425,362,10,1,0,0,3,0,0.0,0,0.0,35.31
REC1165,Client_C,B2B Tech/SaaS,LinkedIn,Text,Promotional/Discount,Monday,Night (21:00-08:00),0.0,317,216,0,0,0,0,5,0,0.0,0,0.0,18.93
REC1166,Client_H,Real Estate,YouTube,Video,Lifestyle/Aesthetic,Tuesday,Evening (17:00-21:00),0.0,1090,782,30,3,1,2,8,0,0.0,570,1847.9,45.27
REC1167,Client_D,B2B Tech/SaaS,LinkedIn,Carousel,Promotional/Discount,Tuesday,Evening (17:00-21:00),222.82,2448,2171,46,4,3,4,65,5,683.68,0,0.0,55.92
REC1168,Client_A,Fashion & Retail,Facebook,Image,Customer Testimonial,Saturday,Night (21:00-08:00),890.42,8018,5638,192,23,18,15,200,16,680.69,0,0.0,67.4
REC1169,Client_B,Fashion & Retail,Instagram,Image,Meme/Trending,Friday,Night (21:00-08:00),0.0,566,394,51,8,4,5,5,0,0.0,0,0.0,57.71
REC1170,Client_F,Fintech & Finance,Instagram,Image,Product Education,Wednesday,Evening (17:00-21:00),0.0,392,310,11,1,1,0,3,0,0.0,0,0.0,43.38
REC1171,Client_A,Fashion & Retail,Facebook,Text,Lifestyle/Aesthetic,Monday,Evening (17:00-21:00),0.0,262,204,4,0,0,0,2,0,0.0,0,0.0,28.83
REC1172,Client_C,B2B Tech/SaaS,Instagram,Reel,Meme/Trending,Friday,Night (21:00-08:00),0.0,1378,1212,24,2,1,1,11,0,0.0,611,6898.81,34.26
REC1173,Client_E,Food & Beverage,LinkedIn,Image,Lifestyle/Aesthetic,Thursday,Morning (08:00-12:00),0.0,396,352,5,0,0,0,2,0,0.0,0,0.0,27.51
REC1174,Client_G,Health & Fitness,Facebook,Text,Promotional/Discount,Thursday,Night (21:00-08:00),0.0,326,221,3,0,0,0,5,0,0.0,0,0.0,25.63
REC1175,Client_D,B2B Tech/SaaS,Instagram,Reel,Meme/Trending,Thursday,Morning (08:00-12:00),0.0,1275,1140,115,12,5,10,12,0,0.0,677,3114.65,60.85
REC1176,Client_E,Food & Beverage,Instagram,Image,Industry News,Sunday,Evening (17:00-21:00),0.0,553,405,26,3,1,2,5,0,0.0,0,0.0,57.79
REC1177,Client_H,Real Estate,Instagram,Carousel,Promotional/Discount,Wednesday,Night (21:00-08:00),161.11,2100,1833,28,2,1,2,60,3,986.36,0,0.0,59.72
REC1178,Client_F,Fintech & Finance,LinkedIn,Image,Behind the Scenes,Saturday,Afternoon (12:00-17:00),164.73,1786,1408,18,1,0,1,39,1,131.46,0,0.0,34.85
REC1179,Client_J,Travel & Hospitality,Instagram,Image,Customer Testimonial,Tuesday,Afternoon (12:00-17:00),363.94,3451,2601,112,10,9,5,81,4,426.0,0,0.0,59.66
REC1180,Client_E,Food & Beverage,Instagram,Reel,Meme/Trending,Saturday,Morning (08:00-12:00),255.94,3167,2689,209,13,12,12,59,3,71.76,1604,17727.3,68.95
REC1181,Client_C,B2B Tech/SaaS,Instagram,Carousel,Promotional/Discount,Tuesday,Evening (17:00-21:00),0.0,977,704,19,2,1,0,11,0,0.0,0,0.0,38.87
REC1182,Client_G,Health & Fitness,Facebook,Video,Promotional/Discount,Monday,Afternoon (12:00-17:00),0.0,555,393,2,0,0,0,9,0,0.0,297,2256.17,22.75
REC1183,Client_H,Real Estate,Facebook,Reel,Behind the Scenes,Friday,Morning (08:00-12:00),123.45,1814,1279,25,3,1,1,34,1,292.87,854,9741.87,44.27
REC1184,Client_F,Fintech & Finance,LinkedIn,Video,Lifestyle/Aesthetic,Tuesday,Evening (17:00-21:00),0.0,475,347,6,0,0,0,4,0,0.0,198,2597.58,31.14
REC1185,Client_E,Food & Beverage,Instagram,Reel,Product Education,Friday,Evening (17:00-21:00),0.0,1137,858,66,8,5,4,10,0,0.0,559,5294.99,60.01
REC1186,Client_C,B2B Tech/SaaS,Instagram,Reel,Meme/Trending,Saturday,Evening (17:00-21:00),0.0,45000,40000,5200,450,1200,800,650,12,1800.0,35000,175000.0,94.8
REC1187,Client_A,Fashion & Retail,YouTube,Shorts,Promotional/Discount,Saturday,Afternoon (12:00-17:00),0.0,1074,730,19,2,1,0,17,1,43.72,548,3937.65,42.13
REC1188,Client_C,B2B Tech/SaaS,Instagram,Carousel,Product Education,Saturday,Afternoon (12:00-17:00),0.0,730,583,16,1,0,1,6,0,0.0,0,0.0,38.66
REC1189,Client_H,Real Estate,Instagram,Reel,Meme/Trending,Wednesday,Night (21:00-08:00),0.0,969,869,22,3,2,1,6,0,0.0,419,5229.25,38.21
REC1190,Client_C,B2B Tech/SaaS,Instagram,Reel,Meme/Trending,Sunday,Night (21:00-08:00),0.0,45000,40000,5200,450,1200,800,650,12,1800.0,35000,175000.0,94.8
REC1191,Client_A,Fashion & Retail,Instagram,Carousel,Customer Testimonial,Saturday,Night (21:00-08:00),307.08,3380,2296,179,25,14,15,71,6,281.3,0,0.0,75.36
REC1192,Client_H,Real Estate,Instagram,Carousel,Lifestyle/Aesthetic,Monday,Night (21:00-08:00),0.0,947,673,7,0,0,0,7,0,0.0,0,0.0,26.63
REC1193,Client_B,Fashion & Retail,Instagram,Reel,Industry News,Thursday,Afternoon (12:00-17:00),0.0,730,590,19,1,1,0,6,0,0.0,338,2960.54,39.48
REC1194,Client_D,B2B Tech/SaaS,LinkedIn,Image,Promotional/Discount,Sunday,Morning (08:00-12:00),44.4,769,540,9,0,0,0,15,1,136.11,0,0.0,44.48
REC1195,Client_B,Fashion & Retail,LinkedIn,Text,Behind the Scenes,Friday,Morning (08:00-12:00),0.0,317,258,6,0,0,0,2,0,0.0,0,0.0,34.88
REC1196,Client_J,Travel & Hospitality,Instagram,Image,Product Education,Saturday,Afternoon (12:00-17:00),0.0,664,542,23,3,1,2,4,0,0.0,0,0.0,46.96
REC1197,Client_D,B2B Tech/SaaS,LinkedIn,Image,Promotional/Discount,Thursday,Afternoon (12:00-17:00),0.0,448,398,11,0,0,0,6,0,0.0,0,0.0,36.63
REC1198,Client_C,B2B Tech/SaaS,YouTube,Video,Behind the Scenes,Tuesday,Evening (17:00-21:00),44.63,1293,1052,40,4,2,2,15,0,0.0,581,3766.28,43.49
REC1199,Client_I,E-Learning & Education,Facebook,Carousel,Customer Testimonial,Sunday,Night (21:00-08:00),0.0,349,237,0,0,0,0,2,0,0.0,0,0.0,19.42
REC1200,Client_H,Real Estate,Instagram,Reel,Customer Testimonial,Friday,Evening (17:00-21:00),0.0,1213,1023,23,1,2,2,9,0,0.0,560,4431.03,35.16
REC1201,Client_G,Health & Fitness,Instagram,Reel,Product Education,Saturday,Afternoon (12:00-17:00),32.57,1488,1262,54,6,4,2,15,0,0.0,568,1792.78,48.79
REC1202,Client_G,Health & Fitness,Facebook,Image,Behind the Scenes,Saturday,Afternoon (12:00-17:00),0.0,459,324,7,0,0,0,3,0,0.0,0,0.0,32.93
REC1203,Client_E,Food & Beverage,Facebook,Image,Customer Testimonial,Thursday,Afternoon (12:00-17:00),0.0,390,347,2,0,0,0,3,0,0.0,0,0.0,22.51
REC1204,Client_E,Food & Beverage,Instagram,Reel,Lifestyle/Aesthetic,Friday,Morning (08:00-12:00),422.53,4924,3596,138,17,13,4,98,2,52.98,2642,10460.5,53.8
REC1205,Client_D,B2B Tech/SaaS,Facebook,Reel,Product Education,Sunday,Morning (08:00-12:00),98.15,1868,1349,19,1,1,1,30,1,161.37,689,5501.1,38.85
REC1206,Client_C,B2B Tech/SaaS,LinkedIn,Image,Meme/Trending,Sunday,Afternoon (12:00-17:00),0.0,188,160,4,0,0,0,1,0,0.0,0,0.0,36.67
REC1207,Client_G,Health & Fitness,Facebook,Video,Behind the Scenes,Saturday,Night (21:00-08:00),122.77,1650,1288,52,3,4,3,29,1,61.15,598,3709.51,50.19
REC1208,Client_J,Travel & Hospitality,Instagram,Carousel,Behind the Scenes,Monday,Night (21:00-08:00),0.0,796,633,41,4,1,1,6,0,0.0,0,0.0,59.11
REC1209,Client_I,E-Learning & Education,Instagram,Carousel,Lifestyle/Aesthetic,Friday,Morning (08:00-12:00),0.0,731,549,32,4,3,2,5,0,0.0,0,0.0,54.23
REC1210,Client_F,Fintech & Finance,LinkedIn,Video,Lifestyle/Aesthetic,Sunday,Evening (17:00-21:00),0.0,510,438,8,1,0,0,4,0,0.0,278,2509.61,31.23
REC1211,Client_G,Health & Fitness,LinkedIn,Text,Lifestyle/Aesthetic,Thursday,Night (21:00-08:00),0.0,253,180,5,0,0,0,2,0,0.0,0,0.0,40.06
REC1212,Client_G,Health & Fitness,LinkedIn,Text,Product Education,Wednesday,Morning (08:00-12:00),213.59,2032,1613,27,3,1,1,45,3,189.07,0,0.0,39.93
REC1213,Client_C,B2B Tech/SaaS,Instagram,Video,Meme/Trending,Monday,Night (21:00-08:00),0.0,939,637,10,1,0,0,8,0,0.0,339,1704.78,29.54
REC1214,Client_E,Food & Beverage,LinkedIn,Image,Customer Testimonial,Wednesday,Night (21:00-08:00),0.0,302,240,6,0,0,0,2,0,0.0,0,0.0,35.6
REC1215,Client_G,Health & Fitness,YouTube,Video,Behind the Scenes,Saturday,Morning (08:00-12:00),112.35,1593,1349,47,4,2,2,27,1,62.95,584,6944.62,50.02
REC1216,Client_C,B2B Tech/SaaS,LinkedIn,Video,Meme/Trending,Thursday,Morning (08:00-12:00),264.43,2851,2415,164,24,7,4,62,2,289.77,1389,18336.53,70.19
REC1217,Client_E,Food & Beverage,Instagram,Carousel,Behind the Scenes,Tuesday,Night (21:00-08:00),0.0,700,548,33,3,2,1,6,0,0.0,0,0.0,58.69
REC1218,Client_H,Real Estate,YouTube,Video,Promotional/Discount,Tuesday,Night (21:00-08:00),98.82,1990,1380,15,2,1,1,43,3,911.41,724,7348.61,59.64
REC1219,Client_B,Fashion & Retail,YouTube,Shorts,Promotional/Discount,Friday,Evening (17:00-21:00),0.0,1073,866,32,3,2,0,18,1,48.46,461,5989.81,49.46
REC1220,Client_D,B2B Tech/SaaS,Instagram,Carousel,Meme/Trending,Thursday,Night (21:00-08:00),47.66,1365,937,32,4,2,3,19,0,0.0,0,0.0,42.42
REC1221,Client_C,B2B Tech/SaaS,Instagram,Carousel,Industry News,Sunday,Morning (08:00-12:00),112.85,1955,1622,63,5,6,5,29,0,0.0,0,0.0,47.04
REC1222,Client_B,Fashion & Retail,Instagram,Carousel,Promotional/Discount,Saturday,Night (21:00-08:00),0.0,815,633,46,6,4,1,9,0,0.0,0,0.0,59.11
REC1223,Client_G,Health & Fitness,Facebook,Text,Meme/Trending,Saturday,Night (21:00-08:00),0.0,332,256,14,1,0,0,2,0,0.0,0,0.0,50.9
REC1224,Client_A,Fashion & Retail,YouTube,Video,Promotional/Discount,Sunday,Night (21:00-08:00),538.91,5788,5167,270,26,22,9,152,12,489.36,3151,34867.73,75.07
REC1225,Client_F,Fintech & Finance,LinkedIn,Image,Customer Testimonial,Friday,Afternoon (12:00-17:00),0.0,306,222,3,0,0,0,2,0,0.0,0,0.0,28.47
REC1226,Client_J,Travel & Hospitality,Facebook,Image,Behind the Scenes,Thursday,Night (21:00-08:00),29.75,539,430,8,0,0,0,7,0,0.0,0,0.0,30.6
REC1227,Client_C,B2B Tech/SaaS,Facebook,Image,Industry News,Friday,Night (21:00-08:00),0.0,485,323,0,0,0,0,3,0,0.0,0,0.0,19.51
REC1228,Client_F,Fintech & Finance,LinkedIn,Image,Promotional/Discount,Monday,Night (21:00-08:00),76.35,1055,944,4,0,0,0,24,2,239.07,0,0.0,37.82
REC1229,Client_H,Real Estate,YouTube,Video,Meme/Trending,Wednesday,Night (21:00-08:00),33.51,1610,1396,47,4,4,2,16,0,0.0,790,2484.68,43.05
REC1230,Client_I,E-Learning & Education,LinkedIn,Text,Industry News,Monday,Night (21:00-08:00),0.0,337,272,1,0,0,0,3,0,0.0,0,0.0,20.78
REC1231,Client_I,E-Learning & Education,Instagram,Image,Product Education,Sunday,Night (21:00-08:00),0.0,733,512,5,0,0,0,6,0,0.0,0,0.0,26.74
REC1232,Client_D,B2B Tech/SaaS,LinkedIn,Text,Lifestyle/Aesthetic,Tuesday,Afternoon (12:00-17:00),0.0,277,218,10,0,0,0,1,0,0.0,0,0.0,46.11
REC1233,Client_D,B2B Tech/SaaS,Instagram,Carousel,Customer Testimonial,Friday,Night (21:00-08:00),15.7,1004,730,8,1,0,0,9,0,0.0,0,0.0,28.27
REC1234,Client_F,Fintech & Finance,LinkedIn,Text,Lifestyle/Aesthetic,Thursday,Evening (17:00-21:00),547.32,4876,3194,111,7,5,7,122,5,587.22,0,0.0,56.87
REC1235,Client_I,E-Learning & Education,Facebook,Reel,Meme/Trending,Thursday,Morning (08:00-12:00),0.0,881,576,29,2,2,2,6,0,0.0,375,1769.26,54.53
REC1236,Client_D,B2B Tech/SaaS,LinkedIn,Carousel,Behind the Scenes,Monday,Morning (08:00-12:00),34.84,667,588,11,1,0,1,10,0,0.0,0,0.0,31.85
REC1237,Client_I,E-Learning & Education,Instagram,Carousel,Customer Testimonial,Thursday,Evening (17:00-21:00),0.0,833,598,30,3,2,2,5,0,0.0,0,0.0,49.71
REC1238,Client_C,B2B Tech/SaaS,LinkedIn,Image,Product Education,Saturday,Morning (08:00-12:00),0.0,348,287,6,0,0,0,2,0,0.0,0,0.0,31.44
REC1239,Client_B,Fashion & Retail,Instagram,Carousel,Meme/Trending,Wednesday,Afternoon (12:00-17:00),0.0,725,607,35,4,1,3,5,0,0.0,0,0.0,55.07
REC1240,Client_I,E-Learning & Education,Instagram,Carousel,Meme/Trending,Sunday,Evening (17:00-21:00),0.0,760,595,24,2,2,2,6,0,0.0,0,0.0,47.45
REC1241,Client_J,Travel & Hospitality,YouTube,Shorts,Behind the Scenes,Monday,Night (21:00-08:00),333.13,4287,3423,117,9,12,4,86,4,371.61,2300,20362.14,56.47
REC1242,Client_J,Travel & Hospitality,Facebook,Video,Customer Testimonial,Thursday,Morning (08:00-12:00),0.0,603,467,5,0,0,0,3,0,0.0,236,1298.0,26.21
REC1243,Client_B,Fashion & Retail,Instagram,Image,Lifestyle/Aesthetic,Friday,Evening (17:00-21:00),374.68,3716,2503,257,40,15,13,82,4,171.92,0,0.0,70.9
REC1244,Client_F,Fintech & Finance,Facebook,Text,Customer Testimonial,Sunday,Morning (08:00-12:00),0.0,347,294,4,0,0,0,3,0,0.0,0,0.0,28.38
REC1245,Client_G,Health & Fitness,YouTube,Shorts,Customer Testimonial,Friday,Night (21:00-08:00),0.0,1098,850,70,6,6,4,8,0,0.0,470,1595.86,59.99
REC1246,Client_G,Health & Fitness,YouTube,Video,Promotional/Discount,Thursday,Night (21:00-08:00),370.78,4207,2901,83,8,4,7,113,7,416.05,2231,25116.77,57.81
REC1247,Client_G,Health & Fitness,Instagram,Carousel,Behind the Scenes,Tuesday,Night (21:00-08:00),0.0,688,573,30,2,2,2,5,0,0.0,0,0.0,54.48
REC1248,Client_J,Travel & Hospitality,YouTube,Shorts,Promotional/Discount,Saturday,Afternoon (12:00-17:00),0.0,1318,1133,22,1,1,1,17,1,102.93,704,3539.33,40.86
REC1249,Client_F,Fintech & Finance,Instagram,Carousel,Industry News,Friday,Morning (08:00-12:00),138.15,1952,1310,42,3,4,2,38,0,0.0,0,0.0,42.27
REC1250,Client_I,E-Learning & Education,Facebook,Text,Lifestyle/Aesthetic,Friday,Night (21:00-08:00),454.21,4196,3317,20,2,0,0,98,4,212.11,0,0.0,35.47
REC1251,Client_A,Fashion & Retail,Instagram,Carousel,Product Education,Sunday,Night (21:00-08:00),213.03,2533,1915,126,11,6,13,48,4,166.13,0,0.0,71.31
REC1252,Client_D,B2B Tech/SaaS,Facebook,Video,Lifestyle/Aesthetic,Wednesday,Evening (17:00-21:00),127.97,1622,1131,26,1,2,1,31,0,0.0,597,8022.42,36.34
REC1253,Client_I,E-Learning & Education,LinkedIn,Text,Customer Testimonial,Saturday,Morning (08:00-12:00),197.44,1896,1472,30,4,1,3,44,3,142.41,0,0.0,43.51
REC1254,Client_I,E-Learning & Education,Instagram,Carousel,Promotional/Discount,Thursday,Afternoon (12:00-17:00),216.86,2435,2180,81,5,5,3,75,4,202.37,0,0.0,54.79
REC1255,Client_A,Fashion & Retail,Facebook,Reel,Promotional/Discount,Tuesday,Morning (08:00-12:00),0.0,956,698,6,0,0,0,11,0,0.0,372,4859.4,25.5
REC1256,Client_A,Fashion & Retail,Instagram,Reel,Behind the Scenes,Monday,Evening (17:00-21:00),251.24,3616,2524,112,8,5,10,61,1,48.96,1732,7293.44,55.3
REC1257,Client_A,Fashion & Retail,Instagram,Reel,Behind the Scenes,Wednesday,Afternoon (12:00-17:00),148.37,2364,1630,64,10,3,6,41,0,0.0,1213,14209.61,49.23
REC1258,Client_C,B2B Tech/SaaS,LinkedIn,Carousel,Meme/Trending,Thursday,Night (21:00-08:00),0.0,526,413,8,0,0,0,3,0,0.0,0,0.0,32.25
REC1259,Client_D,B2B Tech/SaaS,Facebook,Image,Promotional/Discount,Sunday,Morning (08:00-12:00),0.0,379,257,2,0,0,0,5,0,0.0,0,0.0,22.83
REC1260,Client_F,Fintech & Finance,LinkedIn,Image,Customer Testimonial,Sunday,Evening (17:00-21:00),0.0,403,339,5,0,0,0,3,0,0.0,0,0.0,27.51
REC1261,Client_B,Fashion & Retail,Instagram,Carousel,Promotional/Discount,Wednesday,Night (21:00-08:00),0.0,1037,747,35,3,2,2,16,1,43.72,0,0.0,54.61
REC1262,Client_E,Food & Beverage,Instagram,Reel,Promotional/Discount,Tuesday,Afternoon (12:00-17:00),71.65,2044,1333,33,2,1,0,45,3,68.42,928,4483.07,44.86
REC1263,Client_F,Fintech & Finance,Facebook,Video,Industry News,Monday,Afternoon (12:00-17:00),0.0,726,579,6,0,0,0,6,0,0.0,281,1550.97,26.28
REC1264,Client_J,Travel & Hospitality,YouTube,Video,Industry News,Friday,Afternoon (12:00-17:00),35.03,1612,1226,51,6,3,2,19,0,0.0,667,8307.18,48.46
REC1265,Client_G,Health & Fitness,Instagram,Carousel,Industry News,Monday,Afternoon (12:00-17:00),655.28,6405,5020,131,10,10,12,144,4,221.01,0,0.0,48.78
REC1266,Client_D,B2B Tech/SaaS,LinkedIn,Carousel,Lifestyle/Aesthetic,Saturday,Night (21:00-08:00),0.0,462,319,1,0,0,0,4,0,0.0,0,0.0,21.03
REC1267,Client_E,Food & Beverage,Instagram,Video,Promotional/Discount,Wednesday,Afternoon (12:00-17:00),305.82,3461,2919,79,11,4,4,104,8,195.74,1796,6399.95,54.98
REC1268,Client_H,Real Estate,Instagram,Carousel,Meme/Trending,Friday,Morning (08:00-12:00),201.45,2765,2215,145,12,11,5,51,3,947.9,0,0.0,83.87
REC1269,Client_C,B2B Tech/SaaS,LinkedIn,Video,Customer Testimonial,Thursday,Evening (17:00-21:00),170.75,1943,1276,31,3,2,1,43,2,296.46,720,4411.81,47.25
REC1270,Client_I,E-Learning & Education,LinkedIn,Carousel,Product Education,Saturday,Afternoon (12:00-17:00),43.33,818,595,10,1,0,0,13,0,0.0,0,0.0,30.64
REC1271,Client_A,Fashion & Retail,Facebook,Video,Behind the Scenes,Thursday,Afternoon (12:00-17:00),147.52,1916,1258,13,1,1,0,37,1,44.29,758,8670.56,31.25
REC1272,Client_D,B2B Tech/SaaS,LinkedIn,Text,Promotional/Discount,Sunday,Evening (17:00-21:00),256.82,2477,1849,17,1,0,1,76,5,713.25,0,0.0,46.51
REC1273,Client_E,Food & Beverage,Instagram,Carousel,Behind the Scenes,Monday,Night (21:00-08:00),0.0,964,716,37,4,2,2,8,0,0.0,0,0.0,52.56
REC1274,Client_B,Fashion & Retail,Instagram,Reel,Industry News,Thursday,Afternoon (12:00-17:00),105.55,1979,1623,34,2,1,2,31,0,0.0,901,11651.31,35.1
REC1275,Client_F,Fintech & Finance,Instagram,Reel,Lifestyle/Aesthetic,Friday,Evening (17:00-21:00),0.0,1146,936,27,3,1,0,9,0,0.0,606,2831.65,41.48
REC1276,Client_D,B2B Tech/SaaS,LinkedIn,Image,Industry News,Wednesday,Night (21:00-08:00),0.0,400,312,3,0,0,0,2,0,0.0,0,0.0,24.07
REC1277,Client_F,Fintech & Finance,Facebook,Video,Customer Testimonial,Saturday,Morning (08:00-12:00),0.0,611,483,6,0,0,0,5,0,0.0,235,3388.35,27.19
REC1278,Client_J,Travel & Hospitality,YouTube,Shorts,Promotional/Discount,Sunday,Morning (08:00-12:00),325.79,4034,3087,92,10,9,4,100,5,505.18,2162,21374.78,57.58
REC1279,Client_C,B2B Tech/SaaS,Instagram,Reel,Customer Testimonial,Monday,Night (21:00-08:00),0.0,58440,49674,540,3,60,30,77,4,561.54,2123,11804.82,98.5
REC1280,Client_A,Fashion & Retail,Facebook,Image,Customer Testimonial,Sunday,Evening (17:00-21:00),0.0,317,245,6,0,0,0,2,0,0.0,0,0.0,33.61
REC1281,Client_A,Fashion & Retail,YouTube,Video,Lifestyle/Aesthetic,Monday,Night (21:00-08:00),0.0,1110,973,58,4,5,4,9,0,0.0,483,2834.8,58.68
REC1282,Client_G,Health & Fitness,Facebook,Image,Lifestyle/Aesthetic,Thursday,Afternoon (12:00-17:00),0.0,417,296,4,0,0,0,3,0,0.0,0,0.0,27.65
REC1283,Client_C,B2B Tech/SaaS,LinkedIn,Carousel,Lifestyle/Aesthetic,Sunday,Night (21:00-08:00),0.0,326,286,2,0,0,0,2,0,0.0,0,0.0,22.87
REC1284,Client_D,B2B Tech/SaaS,LinkedIn,Carousel,Promotional/Discount,Tuesday,Afternoon (12:00-17:00),0.0,407,342,9,1,0,0,6,0,0.0,0,0.0,37.75
REC1285,Client_D,B2B Tech/SaaS,LinkedIn,Text,Meme/Trending,Monday,Evening (17:00-21:00),0.0,274,216,4,0,0,0,2,0,0.0,0,0.0,29.37
REC1286,Client_G,Health & Fitness,LinkedIn,Image,Customer Testimonial,Saturday,Night (21:00-08:00),0.0,456,408,25,2,1,0,3,0,0.0,0,0.0,55.52
REC1287,Client_C,B2B Tech/SaaS,LinkedIn,Text,Product Education,Thursday,Night (21:00-08:00),0.0,353,272,2,0,0,0,2,0,0.0,0,0.0,23.01
REC1288,Client_J,Travel & Hospitality,YouTube,Video,Industry News,Saturday,Afternoon (12:00-17:00),0.0,878,607,20,2,1,0,7,0,0.0,408,5827.31,39.8
REC1289,Client_B,Fashion & Retail,Instagram,Carousel,Industry News,Saturday,Evening (17:00-21:00),0.0,885,711,41,3,2,3,6,0,0.0,0,0.0,57.11
REC1290,Client_E,Food & Beverage,YouTube,Shorts,Product Education,Saturday,Morning (08:00-12:00),90.04,2088,1804,67,5,4,3,29,1,24.08,1088,14982.52,47.51
REC1291,Client_H,Real Estate,Facebook,Image,Industry News,Thursday,Night (21:00-08:00),0.0,409,348,2,0,0,0,3,0,0.0,0,0.0,21.99
REC1292,Client_D,B2B Tech/SaaS,LinkedIn,Text,Industry News,Sunday,Afternoon (12:00-17:00),90.92,977,710,8,0,0,0,20,0,0.0,0,0.0,27.92
REC1293,Client_G,Health & Fitness,YouTube,Video,Product Education,Tuesday,Afternoon (12:00-17:00),0.0,1194,969,19,1,1,0,8,0,0.0,433,6307.51,32.32
REC1294,Client_B,Fashion & Retail,Instagram,Carousel,Promotional/Discount,Saturday,Morning (08:00-12:00),59.12,1404,1111,36,5,1,1,29,2,89.73,0,0.0,50.85
REC1295,Client_E,Food & Beverage,YouTube,Video,Promotional/Discount,Friday,Afternoon (12:00-17:00),0.0,1283,1115,28,2,1,2,20,1,23.42,508,3130.69,43.86
REC1296,Client_J,Travel & Hospitality,Instagram,Carousel,Meme/Trending,Thursday,Morning (08:00-12:00),0.0,821,537,27,3,1,1,6,0,0.0,0,0.0,51.77
REC1297,Client_E,Food & Beverage,Instagram,Reel,Promotional/Discount,Wednesday,Evening (17:00-21:00),0.0,1391,1233,45,6,2,3,19,1,26.82,588,5472.54,52.3
REC1298,Client_H,Real Estate,LinkedIn,Text,Meme/Trending,Saturday,Evening (17:00-21:00),0.0,299,260,5,0,0,0,2,0,0.0,0,0.0,28.64
REC1299,Client_E,Food & Beverage,Instagram,Carousel,Meme/Trending,Saturday,Evening (17:00-21:00),0.0,638,465,41,4,1,2,4,0,0.0,0,0.0,58.2
REC1300,Client_E,Food & Beverage,Facebook,Video,Lifestyle/Aesthetic,Friday,Evening (17:00-21:00),0.0,539,451,18,2,1,1,4,0,0.0,274,1861.37,43.25
REC1301,Client_A,Fashion & Retail,YouTube,Shorts,Industry News,Saturday,Morning (08:00-12:00),0.0,1249,1068,38,5,3,3,9,0,0.0,561,2540.5,43.03
REC1302,Client_J,Travel & Hospitality,Facebook,Video,Customer Testimonial,Sunday,Night (21:00-08:00),291.52,3174,2450,79,7,4,6,63,5,514.82,1385,14593.27,57.28
REC1303,Client_H,Real Estate,YouTube,Shorts,Customer Testimonial,Sunday,Night (21:00-08:00),500.0,1500,1200,1,0,0,0,0,0,0.0,764,2447.22,5.2
REC1304,Client_F,Fintech & Finance,Facebook,Image,Industry News,Tuesday,Morning (08:00-12:00),0.0,349,264,4,0,0,0,2,0,0.0,0,0.0,29.27
REC1305,Client_F,Fintech & Finance,Instagram,Reel,Customer Testimonial,Saturday,Afternoon (12:00-17:00),0.0,1093,830,25,4,1,1,9,0,0.0,529,4545.05,42.04
REC1306,Client_G,Health & Fitness,LinkedIn,Text,Product Education,Monday,Afternoon (12:00-17:00),0.0,335,289,4,0,0,0,3,0,0.0,0,0.0,28.22
REC1307,Client_I,E-Learning & Education,YouTube,Shorts,Industry News,Saturday,Afternoon (12:00-17:00),149.89,2399,2037,43,4,4,1,39,0,0.0,909,4945.99,37.24
REC1308,Client_C,B2B Tech/SaaS,Instagram,Carousel,Customer Testimonial,Friday,Morning (08:00-12:00),48.0,1310,1168,51,7,4,5,17,1,154.98,0,0.0,66.17
REC1309,Client_C,B2B Tech/SaaS,LinkedIn,Text,Industry News,Wednesday,Evening (17:00-21:00),0.0,243,159,2,0,0,0,1,0,0.0,0,0.0,29.61
REC1310,Client_I,E-Learning & Education,Instagram,Carousel,Meme/Trending,Monday,Morning (08:00-12:00),0.0,878,703,42,3,3,4,6,0,0.0,0,0.0,58.78
REC1311,Client_B,Fashion & Retail,Facebook,Image,Meme/Trending,Thursday,Afternoon (12:00-17:00),0.0,306,252,3,0,0,0,2,0,0.0,0,0.0,26.35
REC1312,Client_D,B2B Tech/SaaS,YouTube,Video,Industry News,Friday,Evening (17:00-21:00),16.95,927,825,13,2,1,0,9,0,0.0,335,2896.19,30.64
REC1313,Client_E,Food & Beverage,Facebook,Image,Behind the Scenes,Wednesday,Morning (08:00-12:00),0.0,353,259,3,0,0,0,3,0,0.0,0,0.0,25.65
REC1314,Client_I,E-Learning & Education,YouTube,Shorts,Behind the Scenes,Thursday,Afternoon (12:00-17:00),53.73,1876,1338,86,6,8,6,22,0,0.0,729,7626.85,59.89
REC1315,Client_H,Real Estate,Instagram,Reel,Meme/Trending,Thursday,Evening (17:00-21:00),198.18,3147,2099,145,12,7,5,54,2,641.22,1364,12806.07,77.8
REC1316,Client_B,Fashion & Retail,Instagram,Reel,Promotional/Discount,Monday,Evening (17:00-21:00),0.0,1149,991,28,3,2,1,18,1,43.66,501,5970.37,43.63
REC1317,Client_F,Fintech & Finance,Facebook,Reel,Customer Testimonial,Tuesday,Morning (08:00-12:00),0.0,577,493,10,1,0,0,5,0,0.0,211,1740.92,31.61
REC1318,Client_H,Real Estate,Facebook,Text,Meme/Trending,Sunday,Morning (08:00-12:00),68.25,972,746,15,1,1,0,18,0,0.0,0,0.0,33.67
REC1319,Client_J,Travel & Hospitality,Facebook,Image,Promotional/Discount,Saturday,Morning (08:00-12:00),0.0,399,281,3,0,0,0,6,0,0.0,0,0.0,25.58
REC1320,Client_E,Food & Beverage,Instagram,Video,Meme/Trending,Monday,Evening (17:00-21:00),0.0,684,530,41,5,1,2,4,0,0.0,330,2043.61,58.59
REC1321,Client_C,B2B Tech/SaaS,LinkedIn,Image,Lifestyle/Aesthetic,Saturday,Evening (17:00-21:00),0.0,262,215,3,0,0,0,2,0,0.0,0,0.0,28.71
REC1322,Client_G,Health & Fitness,Instagram,Image,Product Education,Wednesday,Evening (17:00-21:00),120.66,1382,1146,50,5,5,4,31,2,114.12,0,0.0,55.74
REC1323,Client_D,B2B Tech/SaaS,LinkedIn,Image,Behind the Scenes,Monday,Evening (17:00-21:00),43.29,672,544,6,0,0,0,10,0,0.0,0,0.0,27.55
REC1324,Client_B,Fashion & Retail,Facebook,Text,Meme/Trending,Saturday,Morning (08:00-12:00),0.0,192,138,3,0,0,0,1,0,0.0,0,0.0,32.55
REC1325,Client_B,Fashion & Retail,Instagram,Image,Lifestyle/Aesthetic,Tuesday,Morning (08:00-12:00),0.0,616,463,13,0,0,0,4,0,0.0,0,0.0,37.0
REC1326,Client_E,Food & Beverage,YouTube,Shorts,Customer Testimonial,Saturday,Afternoon (12:00-17:00),42.73,1442,1135,45,6,1,1,16,0,0.0,616,6192.47,44.68
REC1327,Client_F,Fintech & Finance,YouTube,Video,Meme/Trending,Tuesday,Night (21:00-08:00),0.0,925,669,15,1,0,1,6,0,0.0,426,2144.42,36.31
REC1328,Client_G,Health & Fitness,YouTube,Shorts,Product Education,Saturday,Afternoon (12:00-17:00),0.0,1139,858,28,2,2,3,10,0,0.0,430,3909.53,43.58
REC1329,Client_J,Travel & Hospitality,Facebook,Reel,Promotional/Discount,Monday,Night (21:00-08:00),0.0,1040,853,12,1,0,0,18,1,92.18,368,3307.46,35.09
REC1330,Client_J,Travel & Hospitality,YouTube,Video,Promotional/Discount,Tuesday,Night (21:00-08:00),0.0,1096,841,25,2,1,1,16,1,104.87,428,2321.13,45.9
REC1331,Client_A,Fashion & Retail,Instagram,Carousel,Meme/Trending,Sunday,Night (21:00-08:00),0.0,650,438,70,10,5,7,5,0,0.0,0,0.0,58.03
REC1332,Client_H,Real Estate,Instagram,Carousel,Promotional/Discount,Sunday,Morning (08:00-12:00),41.21,1153,1006,32,3,1,2,23,1,317.37,0,0.0,71.96
REC1333,Client_I,E-Learning & Education,Instagram,Reel,Product Education,Monday,Morning (08:00-12:00),0.0,1035,836,30,2,1,2,6,0,0.0,395,2160.07,44.64
REC1334,Client_A,Fashion & Retail,Instagram,Reel,Lifestyle/Aesthetic,Sunday,Evening (17:00-21:00),105.64,2126,1562,113,9,7,10,29,0,0.0,981,4005.32,61.79
REC1335,Client_B,Fashion & Retail,Instagram,Carousel,Product Education,Thursday,Afternoon (12:00-17:00),0.0,977,774,19,2,1,0,7,0,0.0,0,0.0,35.5
REC1336,Client_D,B2B Tech/SaaS,LinkedIn,Text,Behind the Scenes,Tuesday,Afternoon (12:00-17:00),0.0,306,204,9,1,0,0,2,0,0.0,0,0.0,46.61
REC1337,Client_H,Real Estate,YouTube,Video,Meme/Trending,Saturday,Afternoon (12:00-17:00),0.0,1110,978,38,2,3,1,10,0,0.0,478,3368.86,43.51
REC1338,Client_D,B2B Tech/SaaS,LinkedIn,Video,Lifestyle/Aesthetic,Saturday,Morning (08:00-12:00),0.0,514,427,14,1,0,0,3,0,0.0,230,2520.47,39.01
REC1339,Client_J,Travel & Hospitality,Instagram,Carousel,Industry News,Friday,Evening (17:00-21:00),139.96,2131,1517,83,6,8,3,39,1,94.92,0,0.0,59.25
REC1340,Client_H,Real Estate,Facebook,Image,Industry News,Wednesday,Afternoon (12:00-17:00),497.88,4573,4051,75,6,6,3,104,5,1581.47,0,0.0,55.31
REC1341,Client_I,E-Learning & Education,LinkedIn,Carousel,Lifestyle/Aesthetic,Tuesday,Afternoon (12:00-17:00),265.78,2773,1860,67,5,6,3,60,3,148.15,0,0.0,52.21
REC1342,Client_H,Real Estate,Facebook,Text,Industry News,Sunday,Afternoon (12:00-17:00),82.45,1121,750,6,0,0,0,22,0,0.0,0,0.0,25.42
REC1343,Client_F,Fintech & Finance,Facebook,Text,Product Education,Wednesday,Evening (17:00-21:00),59.54,925,623,9,1,0,0,16,1,114.91,0,0.0,38.39
REC1344,Client_A,Fashion & Retail,Instagram,Carousel,Customer Testimonial,Monday,Evening (17:00-21:00),0.0,838,585,21,1,1,2,8,0,0.0,0,0.0,43.39
REC1345,Client_B,Fashion & Retail,Instagram,Image,Lifestyle/Aesthetic,Monday,Morning (08:00-12:00),73.11,1064,900,25,1,1,1,17,0,0.0,0,0.0,38.21
REC1346,Client_E,Food & Beverage,Instagram,Carousel,Product Education,Saturday,Night (21:00-08:00),40.89,1023,789,60,8,5,3,14,0,0.0,0,0.0,59.77
REC1347,Client_J,Travel & Hospitality,Facebook,Image,Industry News,Sunday,Morning (08:00-12:00),617.23,5581,3847,56,7,4,5,142,2,206.78,0,0.0,37.91
REC1348,Client_E,Food & Beverage,Instagram,Carousel,Meme/Trending,Monday,Afternoon (12:00-17:00),89.67,1549,1289,69,8,7,3,23,0,0.0,0,0.0,59.89
REC1349,Client_E,Food & Beverage,Instagram,Image,Customer Testimonial,Monday,Night (21:00-08:00),0.0,561,486,22,1,1,2,4,0,0.0,0,0.0,52.2
REC1350,Client_E,Food & Beverage,Instagram,Carousel,Lifestyle/Aesthetic,Thursday,Morning (08:00-12:00),0.0,529,376,11,1,0,1,3,0,0.0,0,0.0,40.94
REC1351,Client_G,Health & Fitness,Facebook,Image,Lifestyle/Aesthetic,Friday,Morning (08:00-12:00),0.0,312,259,4,0,0,0,2,0,0.0,0,0.0,28.79
REC1352,Client_B,Fashion & Retail,Instagram,Carousel,Meme/Trending,Saturday,Evening (17:00-21:00),0.0,743,581,80,10,7,5,5,0,0.0,0,0.0,58.86
REC1353,Client_F,Fintech & Finance,LinkedIn,Carousel,Industry News,Wednesday,Afternoon (12:00-17:00),0.0,468,409,12,1,1,0,4,0,0.0,0,0.0,38.86
REC1354,Client_J,Travel & Hospitality,Instagram,Reel,Promotional/Discount,Thursday,Night (21:00-08:00),0.0,1121,750,28,3,1,0,16,1,93.15,453,2620.19,49.66
REC1355,Client_A,Fashion & Retail,YouTube,Video,Behind the Scenes,Monday,Afternoon (12:00-17:00),0.0,1091,839,22,1,1,1,7,0,0.0,529,2512.89,36.45
REC1356,Client_H,Real Estate,Facebook,Image,Lifestyle/Aesthetic,Sunday,Afternoon (12:00-17:00),250.05,2565,1789,24,3,1,2,57,2,560.96,0,0.0,43.27
REC1357,Client_B,Fashion & Retail,Instagram,Carousel,Product Education,Tuesday,Evening (17:00-21:00),0.0,521,346,19,2,0,0,4,0,0.0,0,0.0,51.84
REC1358,Client_H,Real Estate,YouTube,Video,Behind the Scenes,Saturday,Morning (08:00-12:00),149.49,1960,1707,66,5,3,2,37,0,0.0,867,11799.28,45.63
REC1359,Client_C,B2B Tech/SaaS,LinkedIn,Image,Industry News,Sunday,Afternoon (12:00-17:00),0.0,402,285,4,0,0,0,2,0,0.0,0,0.0,27.48
REC1360,Client_A,Fashion & Retail,YouTube,Shorts,Lifestyle/Aesthetic,Wednesday,Evening (17:00-21:00),0.0,1239,1099,40,5,2,2,11,0,0.0,592,1797.17,44.94
REC1361,Client_H,Real Estate,Instagram,Image,Customer Testimonial,Tuesday,Night (21:00-08:00),0.0,576,500,14,1,1,0,4,0,0.0,0,0.0,35.77
REC1362,Client_H,Real Estate,LinkedIn,Image,Product Education,Saturday,Afternoon (12:00-17:00),340.58,3435,2473,39,3,3,3,82,4,1213.86,0,0.0,52.84
REC1363,Client_D,B2B Tech/SaaS,LinkedIn,Carousel,Behind the Scenes,Thursday,Morning (08:00-12:00),0.0,555,436,20,1,1,1,4,0,0.0,0,0.0,49.12
REC1364,Client_F,Fintech & Finance,LinkedIn,Text,Customer Testimonial,Friday,Afternoon (12:00-17:00),20.01,447,329,4,0,0,0,7,0,0.0,0,0.0,27.32
REC1365,Client_E,Food & Beverage,Instagram,Carousel,Customer Testimonial,Wednesday,Evening (17:00-21:00),0.0,773,576,22,3,2,0,5,0,0.0,0,0.0,44.42
REC1366,Client_E,Food & Beverage,YouTube,Shorts,Lifestyle/Aesthetic,Wednesday,Afternoon (12:00-17:00),0.0,1396,1245,40,3,3,2,9,0,0.0,738,9853.17,40.68
REC1367,Client_H,Real Estate,LinkedIn,Text,Industry News,Monday,Afternoon (12:00-17:00),211.32,2111,1613,27,4,2,0,45,2,580.18,0,0.0,45.88
REC1368,Client_G,Health & Fitness,YouTube,Video,Meme/Trending,Wednesday,Afternoon (12:00-17:00),0.0,1040,724,28,3,1,1,8,0,0.0,571,7665.22,43.07
REC1369,Client_J,Travel & Hospitality,Instagram,Reel,Industry News,Monday,Night (21:00-08:00),168.05,2680,2089,105,14,5,3,50,1,109.54,1328,9218.96,60.03
REC1370,Client_H,Real Estate,LinkedIn,Text,Lifestyle/Aesthetic,Tuesday,Evening (17:00-21:00),16.42,389,259,7,0,0,0,5,0,0.0,0,0.0,34.98
REC1371,Client_G,Health & Fitness,Instagram,Reel,Behind the Scenes,Friday,Afternoon (12:00-17:00),0.0,1438,1043,63,9,5,5,12,0,0.0,708,8342.03,57.61
REC1372,Client_D,B2B Tech/SaaS,Instagram,Reel,Lifestyle/Aesthetic,Thursday,Morning (08:00-12:00),197.96,3170,2438,240,33,19,19,49,1,164.23,1548,15073.48,67.72
REC1373,Client_F,Fintech & Finance,Instagram,Carousel,Product Education,Sunday,Morning (08:00-12:00),0.0,702,514,25,2,1,1,5,0,0.0,0,0.0,48.28
REC1374,Client_D,B2B Tech/SaaS,LinkedIn,Text,Promotional/Discount,Saturday,Afternoon (12:00-17:00),0.0,298,198,2,0,0,0,4,0,0.0,0,0.0,24.68
REC1375,Client_F,Fintech & Finance,LinkedIn,Video,Customer Testimonial,Wednesday,Morning (08:00-12:00),0.0,431,323,14,1,1,0,3,0,0.0,174,942.9,49.64
REC1376,Client_G,Health & Fitness,Instagram,Carousel,Meme/Trending,Wednesday,Night (21:00-08:00),0.0,960,855,56,7,3,2,7,0,0.0,0,0.0,60.0
REC1377,Client_I,E-Learning & Education,Facebook,Image,Lifestyle/Aesthetic,Monday,Night (21:00-08:00),149.5,1702,1375,5,0,0,0,33,1,47.47,0,0.0,26.87
REC1378,Client_F,Fintech & Finance,LinkedIn,Image,Lifestyle/Aesthetic,Tuesday,Morning (08:00-12:00),304.86,2924,2184,153,13,5,6,65,1,115.71,0,0.0,65.7
REC1379,Client_G,Health & Fitness,Facebook,Video,Customer Testimonial,Friday,Evening (17:00-21:00),0.0,650,545,16,1,1,1,5,0,0.0,309,2926.32,39.29
REC1380,Client_G,Health & Fitness,YouTube,Shorts,Industry News,Saturday,Evening (17:00-21:00),279.36,3880,3322,169,22,7,12,77,2,125.86,1606,20565.23,61.2
REC1381,Client_H,Real Estate,YouTube,Shorts,Product Education,Monday,Morning (08:00-12:00),0.0,1649,1115,30,2,2,2,11,0,0.0,840,6733.24,37.68
REC1382,Client_E,Food & Beverage,Instagram,Carousel,Meme/Trending,Tuesday,Night (21:00-08:00),0.0,542,416,34,2,3,3,4,0,0.0,0,0.0,57.87
REC1383,Client_I,E-Learning & Education,Instagram,Carousel,Industry News,Tuesday,Afternoon (12:00-17:00),0.0,481,387,19,1,1,0,3,0,0.0,0,0.0,49.7
REC1384,Client_J,Travel & Hospitality,Instagram,Reel,Industry News,Tuesday,Evening (17:00-21:00),0.0,1185,849,31,4,2,3,10,0,0.0,516,2478.63,46.79
REC1385,Client_F,Fintech & Finance,Instagram,Reel,Promotional/Discount,Wednesday,Evening (17:00-21:00),10.61,1110,840,24,3,1,2,18,1,121.19,471,2134.26,69.77
REC1386,Client_I,E-Learning & Education,Facebook,Video,Product Education,Saturday,Night (21:00-08:00),0.0,829,709,2,0,0,0,7,0,0.0,343,1930.55,22.13
REC1387,Client_E,Food & Beverage,Instagram,Image,Meme/Trending,Saturday,Night (21:00-08:00),0.0,891,782,85,12,5,7,8,0,0.0,0,0.0,59.74
REC1388,Client_C,B2B Tech/SaaS,Instagram,Carousel,Industry News,Sunday,Morning (08:00-12:00),0.0,889,655,18,2,1,0,8,0,0.0,0,0.0,37.89
REC1389,Client_I,E-Learning & Education,Facebook,Text,Meme/Trending,Friday,Night (21:00-08:00),0.0,305,229,0,0,0,0,2,0,0.0,0,0.0,20.01
REC1390,Client_A,Fashion & Retail,Facebook,Image,Promotional/Discount,Tuesday,Night (21:00-08:00),204.03,2054,1494,22,2,1,1,63,3,147.05,0,0.0,39.44
REC1391,Client_G,Health & Fitness,Instagram,Reel,Meme/Trending,Sunday,Morning (08:00-12:00),31.57,1590,1271,80,9,3,4,16,0,0.0,741,8708.13,61.18
REC1392,Client_F,Fintech & Finance,LinkedIn,Text,Customer Testimonial,Wednesday,Evening (17:00-21:00),87.9,1058,739,17,2,0,0,21,1,112.43,0,0.0,40.94
REC1393,Client_B,Fashion & Retail,YouTube,Shorts,Behind the Scenes,Sunday,Afternoon (12:00-17:00),177.81,2889,2144,105,14,4,7,52,1,44.6,1414,5393.87,56.62
REC1394,Client_E,Food & Beverage,Instagram,Reel,Customer Testimonial,Sunday,Afternoon (12:00-17:00),148.35,2342,1683,78,8,4,6,39,2,52.25,1044,10103.26,59.43
REC1395,Client_J,Travel & Hospitality,Facebook,Video,Lifestyle/Aesthetic,Monday,Evening (17:00-21:00),345.15,3651,2376,61,5,3,6,75,3,280.38,1283,11568.84,47.52
REC1396,Client_J,Travel & Hospitality,Instagram,Image,Lifestyle/Aesthetic,Sunday,Morning (08:00-12:00),0.0,680,566,23,2,2,1,5,0,0.0,0,0.0,48.83
REC1397,Client_B,Fashion & Retail,Facebook,Image,Lifestyle/Aesthetic,Sunday,Morning (08:00-12:00),238.07,2421,1920,40,3,2,3,58,1,40.85,0,0.0,38.41
REC1398,Client_E,Food & Beverage,Instagram,Reel,Lifestyle/Aesthetic,Sunday,Evening (17:00-21:00),0.0,1172,852,91,10,7,3,9,0,0.0,466,3827.14,59.99
REC1399,Client_F,Fintech & Finance,Facebook,Video,Industry News,Thursday,Afternoon (12:00-17:00),0.0,687,536,9,1,0,0,4,0,0.0,269,3741.1,30.53
REC1400,Client_D,B2B Tech/SaaS,LinkedIn,Carousel,Lifestyle/Aesthetic,Saturday,Morning (08:00-12:00),55.87,800,581,19,2,1,2,13,0,0.0,0,0.0,41.27
REC1401,Client_I,E-Learning & Education,YouTube,Video,Behind the Scenes,Thursday,Afternoon (12:00-17:00),556.9,5946,5141,269,31,18,22,132,6,270.71,2899,19796.64,71.23
REC1402,Client_D,B2B Tech/SaaS,Instagram,Reel,Product Education,Wednesday,Night (21:00-08:00),91.66,2232,1841,30,3,1,2,30,1,138.82,925,11070.31,40.61
REC1403,Client_J,Travel & Hospitality,Instagram,Reel,Behind the Scenes,Monday,Night (21:00-08:00),0.0,1045,903,45,7,2,1,8,0,0.0,533,4341.84,54.68
REC1404,Client_F,Fintech & Finance,LinkedIn,Text,Industry News,Thursday,Morning (08:00-12:00),62.49,793,572,26,1,1,2,15,0,0.0,0,0.0,47.24
REC1405,Client_F,Fintech & Finance,LinkedIn,Video,Industry News,Tuesday,Night (21:00-08:00),107.39,1454,973,8,0,0,0,29,0,0.0,623,9191.31,26.8
REC1406,Client_H,Real Estate,Instagram,Reel,Behind the Scenes,Sunday,Afternoon (12:00-17:00),342.5,4251,2900,118,18,9,8,90,3,917.57,1781,13281.44,65.36
REC1407,Client_G,Health & Fitness,LinkedIn,Carousel,Lifestyle/Aesthetic,Wednesday,Afternoon (12:00-17:00),100.88,1332,966,22,1,1,1,27,0,0.0,0,0.0,34.89
REC1408,Client_I,E-Learning & Education,Instagram,Reel,Behind the Scenes,Wednesday,Night (21:00-08:00),0.0,1132,872,21,1,1,0,9,0,0.0,424,1516.09,35.27
REC1409,Client_D,B2B Tech/SaaS,LinkedIn,Carousel,Meme/Trending,Saturday,Morning (08:00-12:00),0.0,551,359,12,2,0,1,4,0,0.0,0,0.0,42.05
REC1410,Client_C,B2B Tech/SaaS,Instagram,Carousel,Product Education,Monday,Evening (17:00-21:00),0.0,784,526,10,1,1,0,6,0,0.0,0,0.0,31.76
REC1411,Client_B,Fashion & Retail,YouTube,Video,Customer Testimonial,Thursday,Evening (17:00-21:00),0.0,642,519,19,1,1,2,4,0,0.0,307,3019.95,43.81
REC1412,Client_I,E-Learning & Education,Instagram,Reel,Behind the Scenes,Sunday,Morning (08:00-12:00),0.0,1283,851,54,6,2,5,11,0,0.0,476,4629.07,58.43
REC1413,Client_H,Real Estate,LinkedIn,Text,Product Education,Tuesday,Morning (08:00-12:00),25.82,478,420,16,1,1,0,7,0,0.0,0,0.0,44.43
REC1414,Client_D,B2B Tech/SaaS,Instagram,Reel,Promotional/Discount,Saturday,Afternoon (12:00-17:00),115.84,2316,1930,39,3,4,1,52,3,470.31,931,13236.28,56.29
REC1415,Client_H,Real Estate,Instagram,Carousel,Behind the Scenes,Monday,Morning (08:00-12:00),0.0,563,393,15,1,1,1,4,0,0.0,0,0.0,44.3
REC1416,Client_A,Fashion & Retail,Instagram,Image,Behind the Scenes,Saturday,Afternoon (12:00-17:00),0.0,557,461,21,2,1,1,4,0,0.0,0,0.0,52.29
REC1417,Client_C,B2B Tech/SaaS,LinkedIn,Text,Promotional/Discount,Thursday,Evening (17:00-21:00),0.0,248,164,3,0,0,0,3,0,0.0,0,0.0,27.55
REC1418,Client_E,Food & Beverage,Facebook,Video,Promotional/Discount,Sunday,Evening (17:00-21:00),0.0,608,528,10,1,0,0,9,0,0.0,294,2609.73,33.19
REC1419,Client_J,Travel & Hospitality,YouTube,Video,Behind the Scenes,Monday,Evening (17:00-21:00),24.58,1369,1037,51,5,4,5,14,0,0.0,545,3696.74,55.11
REC1420,Client_E,Food & Beverage,YouTube,Shorts,Customer Testimonial,Saturday,Morning (08:00-12:00),0.0,1186,958,27,3,1,2,9,0,0.0,640,3297.04,38.61
REC1421,Client_F,Fintech & Finance,Facebook,Video,Product Education,Wednesday,Evening (17:00-21:00),585.5,5472,4365,79,11,6,7,125,9,980.69,1990,23009.03,56.33
REC1422,Client_E,Food & Beverage,LinkedIn,Image,Lifestyle/Aesthetic,Friday,Morning (08:00-12:00),197.68,2041,1621,52,3,4,2,47,1,25.15,0,0.0,46.03
REC1423,Client_I,E-Learning & Education,Instagram,Carousel,Promotional/Discount,Tuesday,Evening (17:00-21:00),0.0,920,621,22,1,1,1,11,0,0.0,0,0.0,43.78
REC1424,Client_H,Real Estate,Facebook,Carousel,Behind the Scenes,Sunday,Evening (17:00-21:00),253.41,2695,2190,23,1,1,0,60,1,276.91,0,0.0,35.16
REC1425,Client_H,Real Estate,Instagram,Reel,Product Education,Thursday,Night (21:00-08:00),0.0,892,622,14,1,0,0,6,0,0.0,362,1504.08,33.2
REC1426,Client_G,Health & Fitness,LinkedIn,Image,Customer Testimonial,Saturday,Afternoon (12:00-17:00),30.14,589,501,14,1,0,0,9,0,0.0,0,0.0,37.57
REC1427,Client_C,B2B Tech/SaaS,LinkedIn,Text,Promotional/Discount,Thursday,Evening (17:00-21:00),11.47,437,352,7,0,0,0,7,0,0.0,0,0.0,31.7
REC1428,Client_E,Food & Beverage,Instagram,Carousel,Behind the Scenes,Wednesday,Afternoon (12:00-17:00),361.93,4094,3494,115,11,11,5,83,2,53.59,0,0.0,49.13
REC1429,Client_A,Fashion & Retail,LinkedIn,Text,Promotional/Discount,Saturday,Afternoon (12:00-17:00),0.0,214,173,3,0,0,0,2,0,0.0,0,0.0,30.4
REC1430,Client_G,Health & Fitness,Facebook,Carousel,Promotional/Discount,Tuesday,Night (21:00-08:00),0.0,421,359,5,0,0,0,7,0,0.0,0,0.0,28.09
REC1431,Client_B,Fashion & Retail,Facebook,Image,Promotional/Discount,Thursday,Night (21:00-08:00),260.73,2541,1676,26,4,1,2,76,5,203.59,0,0.0,43.63
REC1432,Client_G,Health & Fitness,YouTube,Video,Product Education,Wednesday,Night (21:00-08:00),0.0,1261,850,32,2,2,1,10,0,0.0,444,5436.05,43.66
REC1433,Client_H,Real Estate,Facebook,Video,Promotional/Discount,Wednesday,Morning (08:00-12:00),92.88,1381,1100,31,2,2,2,31,1,328.79,754,4281.78,52.85
REC1434,Client_E,Food & Beverage,Instagram,Image,Customer Testimonial,Thursday,Afternoon (12:00-17:00),0.0,568,489,15,1,1,0,4,0,0.0,0,0.0,41.57
REC1435,Client_G,Health & Fitness,LinkedIn,Video,Meme/Trending,Thursday,Afternoon (12:00-17:00),0.0,690,603,14,1,1,0,6,0,0.0,320,2849.79,34.53
REC1436,Client_H,Real Estate,YouTube,Shorts,Industry News,Tuesday,Morning (08:00-12:00),28.34,1181,854,40,3,2,3,13,0,0.0,628,3803.74,51.11
REC1437,Client_B,Fashion & Retail,Facebook,Video,Lifestyle/Aesthetic,Monday,Night (21:00-08:00),0.0,788,686,20,2,1,0,5,0,0.0,367,4670.83,37.25
REC1438,Client_J,Travel & Hospitality,LinkedIn,Text,Product Education,Friday,Morning (08:00-12:00),145.53,1568,1300,27,3,1,1,31,1,102.33,0,0.0,40.59
REC1439,Client_J,Travel & Hospitality,Instagram,Reel,Industry News,Wednesday,Evening (17:00-21:00),0.0,1666,1447,56,7,2,4,14,0,0.0,768,10932.7,47.65
REC1440,Client_G,Health & Fitness,LinkedIn,Text,Behind the Scenes,Tuesday,Morning (08:00-12:00),0.0,282,252,4,0,0,0,2,0,0.0,0,0.0,28.88
REC1441,Client_J,Travel & Hospitality,YouTube,Shorts,Meme/Trending,Wednesday,Morning (08:00-12:00),0.0,1127,925,28,3,2,2,7,0,0.0,586,7044.74,42.23
REC1442,Client_A,Fashion & Retail,Instagram,Carousel,Behind the Scenes,Wednesday,Night (21:00-08:00),0.0,635,501,27,2,1,1,5,0,0.0,0,0.0,55.88
REC1443,Client_D,B2B Tech/SaaS,Instagram,Video,Industry News,Wednesday,Afternoon (12:00-17:00),0.0,913,787,41,3,2,1,7,0,0.0,340,3114.22,50.96
REC1444,Client_C,B2B Tech/SaaS,YouTube,Shorts,Product Education,Friday,Afternoon (12:00-17:00),238.32,3329,2485,58,5,3,5,64,4,624.02,1808,7030.54,54.34
REC1445,Client_E,Food & Beverage,Instagram,Image,Product Education,Sunday,Evening (17:00-21:00),127.74,1814,1363,99,15,5,4,34,2,49.15,0,0.0,65.83
REC1446,Client_B,Fashion & Retail,Instagram,Image,Meme/Trending,Wednesday,Night (21:00-08:00),0.0,655,454,37,4,2,2,4,0,0.0,0,0.0,58.13
REC1447,Client_A,Fashion & Retail,Instagram,Carousel,Customer Testimonial,Wednesday,Morning (08:00-12:00),0.0,528,379,7,0,0,0,4,0,0.0,0,0.0,29.83
REC1448,Client_I,E-Learning & Education,YouTube,Shorts,Customer Testimonial,Sunday,Evening (17:00-21:00),178.33,2806,2019,33,3,3,2,45,2,102.54,1287,14236.25,38.76
REC1449,Client_I,E-Learning & Education,Facebook,Reel,Lifestyle/Aesthetic,Tuesday,Morning (08:00-12:00),94.62,1540,1209,47,5,3,1,27,1,50.72,813,5141.31,48.22
REC1450,Client_I,E-Learning & Education,YouTube,Shorts,Product Education,Saturday,Night (21:00-08:00),78.65,1989,1766,18,2,1,1,29,1,45.88,964,7405.83,32.67
REC1451,Client_B,Fashion & Retail,Instagram,Carousel,Product Education,Sunday,Evening (17:00-21:00),531.44,5276,3540,239,28,20,14,118,5,215.01,0,0.0,73.23
REC1452,Client_C,B2B Tech/SaaS,YouTube,Video,Meme/Trending,Friday,Afternoon (12:00-17:00),75.56,1657,1095,45,3,3,2,24,0,0.0,676,2800.34,46.17
REC1453,Client_C,B2B Tech/SaaS,Instagram,Carousel,Customer Testimonial,Saturday,Afternoon (12:00-17:00),190.89,2367,1655,54,5,3,4,48,3,483.98,0,0.0,57.32
REC1454,Client_J,Travel & Hospitality,Facebook,Image,Product Education,Friday,Morning (08:00-12:00),0.0,418,310,4,0,0,0,3,0,0.0,0,0.0,27.3
REC1455,Client_H,Real Estate,LinkedIn,Text,Meme/Trending,Monday,Night (21:00-08:00),190.91,1897,1626,22,2,1,0,45,2,635.76,0,0.0,45.83
REC1456,Client_I,E-Learning & Education,YouTube,Video,Meme/Trending,Tuesday,Evening (17:00-21:00),0.0,949,721,34,4,2,1,6,0,0.0,475,5955.66,48.31
REC1457,Client_I,E-Learning & Education,Facebook,Video,Customer Testimonial,Monday,Morning (08:00-12:00),0.0,536,369,5,0,0,0,4,0,0.0,237,921.12,28.29
REC1458,Client_I,E-Learning & Education,LinkedIn,Text,Industry News,Friday,Evening (17:00-21:00),0.0,269,215,1,0,0,0,2,0,0.0,0,0.0,21.57
REC1459,Client_H,Real Estate,Instagram,Reel,Industry News,Wednesday,Afternoon (12:00-17:00),39.96,1732,1467,80,8,4,6,17,0,0.0,709,7874.49,54.34
REC1460,Client_A,Fashion & Retail,Instagram,Reel,Industry News,Saturday,Evening (17:00-21:00),0.0,1326,1008,49,5,3,4,8,0,0.0,649,6858.4,53.41
REC1461,Client_C,B2B Tech/SaaS,LinkedIn,Text,Behind the Scenes,Friday,Evening (17:00-21:00),0.0,197,153,1,0,0,0,1,0,0.0,0,0.0,24.51
REC1462,Client_D,B2B Tech/SaaS,LinkedIn,Text,Customer Testimonial,Friday,Evening (17:00-21:00),468.64,4271,3328,45,4,4,1,107,7,1154.68,0,0.0,52.72
REC1463,Client_I,E-Learning & Education,LinkedIn,Video,Product Education,Saturday,Afternoon (12:00-17:00),73.08,1165,760,14,1,0,0,20,1,47.19,487,2667.4,35.5
REC1464,Client_H,Real Estate,LinkedIn,Carousel,Product Education,Wednesday,Afternoon (12:00-17:00),143.74,1692,1309,47,3,2,1,35,2,653.55,0,0.0,63.85
REC1465,Client_C,B2B Tech/SaaS,LinkedIn,Carousel,Lifestyle/Aesthetic,Tuesday,Evening (17:00-21:00),0.0,280,225,5,0,0,0,2,0,0.0,0,0.0,35.27
REC1466,Client_E,Food & Beverage,Instagram,Image,Meme/Trending,Friday,Evening (17:00-21:00),0.0,582,419,49,5,5,3,4,0,0.0,0,0.0,57.89
REC1467,Client_I,E-Learning & Education,YouTube,Video,Meme/Trending,Wednesday,Afternoon (12:00-17:00),0.0,856,624,49,6,4,1,6,0,0.0,461,1476.87,59.07
REC1468,Client_I,E-Learning & Education,Facebook,Image,Customer Testimonial,Monday,Night (21:00-08:00),0.0,378,336,1,0,0,0,2,0,0.0,0,0.0,20.25
REC1469,Client_E,Food & Beverage,Instagram,Image,Lifestyle/Aesthetic,Sunday,Afternoon (12:00-17:00),39.2,890,662,37,2,3,2,13,0,0.0,0,0.0,54.2
REC1470,Client_F,Fintech & Finance,Facebook,Video,Product Education,Wednesday,Morning (08:00-12:00),0.0,592,525,10,1,0,0,4,0,0.0,292,1866.35,31.96
REC1471,Client_E,Food & Beverage,Instagram,Image,Meme/Trending,Saturday,Morning (08:00-12:00),0.0,669,531,29,3,2,2,4,0,0.0,0,0.0,58.59
REC1472,Client_B,Fashion & Retail,Instagram,Reel,Customer Testimonial,Sunday,Morning (08:00-12:00),0.0,983,736,25,3,1,1,7,0,0.0,508,6428.28,43.89
REC1473,Client_B,Fashion & Retail,Instagram,Reel,Promotional/Discount,Friday,Afternoon (12:00-17:00),0.0,1017,722,25,2,1,1,16,1,43.41,495,3018.0,49.12
REC1474,Client_C,B2B Tech/SaaS,LinkedIn,Video,Lifestyle/Aesthetic,Thursday,Evening (17:00-21:00),81.63,1178,810,22,1,1,1,22,1,160.08,462,2969.98,45.95
REC1475,Client_B,Fashion & Retail,Instagram,Video,Meme/Trending,Saturday,Night (21:00-08:00),296.87,3521,3140,362,30,19,11,74,3,127.07,1392,4326.75,69.96
REC1476,Client_A,Fashion & Retail,Facebook,Video,Product Education,Sunday,Afternoon (12:00-17:00),0.0,532,434,6,0,0,0,4,0,0.0,278,2361.56,28.14
REC1477,Client_H,Real Estate,Instagram,Reel,Behind the Scenes,Wednesday,Afternoon (12:00-17:00),212.51,2886,2551,192,25,8,6,52,1,275.46,1092,12611.68,69.6
REC1478,Client_J,Travel & Hospitality,Instagram,Reel,Customer Testimonial,Thursday,Morning (08:00-12:00),0.0,1170,1036,33,4,1,2,9,0,0.0,450,2976.82,41.83
REC1479,Client_H,Real Estate,Instagram,Carousel,Industry News,Monday,Afternoon (12:00-17:00),0.0,784,525,11,0,0,0,5,0,0.0,0,0.0,33.79
REC1480,Client_E,Food & Beverage,Instagram,Reel,Customer Testimonial,Sunday,Evening (17:00-21:00),0.0,1095,758,71,6,5,5,9,0,0.0,527,5222.02,59.65
REC1481,Client_E,Food & Beverage,Instagram,Reel,Industry News,Thursday,Afternoon (12:00-17:00),0.0,1149,947,35,2,1,1,10,0,0.0,552,4432.78,43.11
REC1482,Client_J,Travel & Hospitality,Facebook,Text,Lifestyle/Aesthetic,Monday,Afternoon (12:00-17:00),0.0,266,187,3,0,0,0,2,0,0.0,0,0.0,27.51
REC1483,Client_C,B2B Tech/SaaS,LinkedIn,Carousel,Promotional/Discount,Saturday,Afternoon (12:00-17:00),0.0,441,355,4,0,0,0,7,0,0.0,0,0.0,25.99
REC1484,Client_G,Health & Fitness,LinkedIn,Carousel,Behind the Scenes,Saturday,Night (21:00-08:00),80.34,1160,821,48,5,1,4,22,1,58.86,0,0.0,60.17
REC1485,Client_F,Fintech & Finance,Instagram,Image,Behind the Scenes,Saturday,Evening (17:00-21:00),0.0,256,206,2,0,0,0,2,0,0.0,0,0.0,27.74
REC1486,Client_E,Food & Beverage,Instagram,Reel,Behind the Scenes,Thursday,Morning (08:00-12:00),147.5,2163,1643,56,5,2,3,37,1,26.7,810,6683.56,45.49
REC1487,Client_I,E-Learning & Education,Instagram,Reel,Lifestyle/Aesthetic,Thursday,Morning (08:00-12:00),29.59,1144,784,72,5,3,3,11,0,0.0,571,4335.92,59.75
REC1488,Client_I,E-Learning & Education,Facebook,Video,Meme/Trending,Tuesday,Night (21:00-08:00),164.92,1990,1535,22,2,1,1,36,0,0.0,967,6733.0,31.64
REC1489,Client_J,Travel & Hospitality,Instagram,Reel,Meme/Trending,Wednesday,Afternoon (12:00-17:00),0.0,1306,959,36,4,2,2,9,0,0.0,580,3659.13,47.45
REC1490,Client_J,Travel & Hospitality,Instagram,Reel,Industry News,Tuesday,Night (21:00-08:00),353.54,4150,3033,170,19,14,5,83,2,193.19,1869,11954.43,63.5
REC1491,Client_A,Fashion & Retail,Instagram,Reel,Meme/Trending,Wednesday,Morning (08:00-12:00),264.88,3395,3043,133,18,9,7,71,2,94.63,1567,8997.85,54.8
REC1492,Client_A,Fashion & Retail,Instagram,Carousel,Lifestyle/Aesthetic,Sunday,Afternoon (12:00-17:00),0.0,880,689,50,4,2,4,6,0,0.0,0,0.0,59.36
REC1493,Client_D,B2B Tech/SaaS,Facebook,Reel,Product Education,Sunday,Night (21:00-08:00),0.0,682,451,1,0,0,0,6,0,0.0,270,1127.24,21.2
REC1494,Client_B,Fashion & Retail,Facebook,Video,Meme/Trending,Monday,Morning (08:00-12:00),0.0,509,405,6,1,0,0,3,0,0.0,209,2864.9,29.0
REC1495,Client_E,Food & Beverage,Instagram,Image,Meme/Trending,Thursday,Evening (17:00-21:00),0.0,624,480,33,4,1,3,5,0,0.0,0,0.0,58.3
REC1496,Client_F,Fintech & Finance,LinkedIn,Text,Lifestyle/Aesthetic,Saturday,Morning (08:00-12:00),0.0,231,204,3,0,0,0,2,0,0.0,0,0.0,26.85
REC1497,Client_G,Health & Fitness,LinkedIn,Carousel,Promotional/Discount,Thursday,Evening (17:00-21:00),192.22,2085,1490,29,2,1,1,61,3,163.84,0,0.0,43.39
REC1498,Client_J,Travel & Hospitality,YouTube,Video,Meme/Trending,Monday,Morning (08:00-12:00),0.0,1052,946,21,3,0,1,8,0,0.0,377,1807.63,35.48
REC1499,Client_C,B2B Tech/SaaS,Instagram,Reel,Meme/Trending,Sunday,Afternoon (12:00-17:00),80.08,45000,40000,5200,450,1200,800,650,12,1800.0,35000,175000.0,94.8
REC1500,Client_A,Fashion & Retail,Instagram,Image,Product Education,Wednesday,Morning (08:00-12:00),0.0,849,622,15,1,0,1,5,0,0.0,0,0.0,35.87
